Complaint ,Company_Type,Label,
"@CST_KSA
  
 
 @CSTwithU
  
 @assafperfumes
  
 ياهيئه الاتصالات هذي شركه قليله حيا مايصيررر تتركونها على كيفها فلتانه
 اطلب من موقع عساف يدق علي مندوبهم ويقول ارسلي لوكيشن ؟اقوله عندك عنواني الوطني يقول عنوانك بظهره لبن ماراح اجيه انا بوصل بعرقه والسفارات تبي تجي لشحنتك تعال !!شوفوا تقييمهم",شركة شحن,سوء تعامل,
السلام عليكم جاتني مخالفه بقيمه 5000 اريال على سياره بكب وزنها 1450 من شركه سوزوكي ليش المخالفه هذي انا ماعندي دينه او سياره كبيره وبعدين السياره هذي خاصه,مركبات نقل,استفسار,
"@Saudi_TGA
  
 ؛
 تعرضت قبل شهر لسوء معامله من احد الموظفات بمحطة قطار الحرمين المدينة المنورة وتقدمت في حينها بشكوى تفصيليه لمدير المحطة المناوب وشكوى بموقع التواصل للسكك الحديدية و للمدير التنفيذي لسكك الحديد مع ذلك حتى اليوم لااحصل على 
 اين اذهب مع العلم اني تأثرت كمريض قلب",غير محدد,سوء تعامل,
"@GFS_Care
  
 
 @TGA_CARE
  
 المندوب يطلب الحضور لموقع هو اختاره لاستلام الطلب وهو خلاف موقعي المحدد بالطلب",شركة شحن,سوء تعامل,
"@SaudiTransport
  
 عندي سؤال بسيط واحتاج عليه اجابه لانه هالسؤال مهم جدا لماذا مكاتب تاجيرالسيارات تفرض علينا الكيلوهات لماذا لا يكون العداد مفتوح للمستاجر لا سيما انهم ياخذون الايجار اليومي من 100 الى 150 ريال وين وجهه الحق انه يفرض علي كيلوهات ارجو ان تنظروا الى هذا الموضوع بجديه",تأجير,استفسار,
"تم تقديم خدمة توصيل طلبات سيئة جدًا من قِبل شركة شحن مشهورة، حيث تأخرت الطلبات بشكل كبير ووصلت بحالة سيئة.",شركة توصيل,تأخير,
" 
  نشكر جهودكم الواضحة في كل الاعمال التي تقومون بها لخدمة البلاد و بتوجيهات ولاة الامر .
 ومن باب الحس الوطني عند كل المواطنين يسعدني لفت انتباهكم على أمر أصبح ظاهرة امام الجميع ولا أضن بانها تخفى عليكم",غير محدد,مخالفة انظمة,
"@TGA_CARE
  السلام عليكم ابغى اشتكي عليهم بسبب تاخير شحنة عن الوقت المتوقع 
 @SHEIN_AR
  
 @iMile_KSA",شركة شحن,تأخير,
"@smsacare
  
 طلبي وصل المنطقة من ٣ ايام والى الان ف الفرز متى استلمه ؟ ياليت تشوفون حل التأخير",شركة شحن,تأخير,
"المفروض. هيئة النقل. تسوي حملات تفتيش. بلغ. عليهم. مخالفين. ومجهولين. الهوية
 @Kaiian_KSA
  
 @TGA_CARE
  @ هيئة النقل",شركة توصيل,مخالفة انظمة,
برفع شكوى على تطبيق مرسول,شركة توصيل,اخرى,
"تم تأخير شحنتي لمدة أسبوع من قبل شركة الشحن السريع أرامكس، مما تسبب في فقدان فرصة عمل هامة.",شركة شحن,تأخير,
"@SaudiTransport
  
 @YeloDrive
  
 
 اليوم الثالث عشر من تاريخ رفع الشكوى لدى شركة يلو علما قد تجاوزا المدة النظامية وهي سبعة أيام 
 هية النقل اتمنى تشاهد وللاسف لا تجاوب منهم في ذالك ارجوا من هيئة النقل الجهه الرقابية ان تتدخل في إنصافي من تسلطهم",تأجير,تأخير,
هل صهاريج نقل المياه داخل المدن هل يلزم بكرت تشغيل وبطاقة سائق ؟,مركبات نقل,استفسار,
عندي سؤال واحتاج على اجابه عليه لماذا اصحاب مكاتب تاجير السيارات يفرضون على المستاجر كيلوهات محدده بينما راعي السياره يستلم تقريبا من 100 الى 150 يوميا ومع هذا يحدد لك الكيلوهات ويحاسبك على كل كيلو زياده من الكيلو المحدد من عندك ابغى اجابه على هذا السؤال لو سمحت,تأجير,استفسار,
سبق وان تقدمت بشكوي على شركة ارمكس للنقل ولاكن لايوجد تجاوب من الشركة ولا من قبل الهيئة العامة للنقل اين نتجه الهاتف الخاص بالشكاوي عطلان لايعمل,شركة شحن,سوء تعامل,
"@Saudi_TGA
  مادري كيف تسمحون لشركه بمزاولة نشاطها ترد على العملاء بهالطريقه وانا لي فتره انتظرهم يفعلون حسابي",غير محدد,سوء تعامل,
"@TGA_CARE
  
 
 
 @HungerStation
  
 دفعت مبلغ خمسين على طلب وما استلمه اي سائق انتظركم لي اكثر من ساعة وكل مره يزيد الوقت حق توصيل للاسف ماعندكم رقم لتواصل و البرنامج سيئ ماقدر اتواصل مع خدمت العملاء ليش تخلوني اطلب إذا ماتقدرون توصلون",شركة توصيل,سوء تعامل,
"عالعموم تم التواصل مع الجهة المنظمه لتطبيقات التوصيل 
 @TGA_CARE
  وهذا اثبات بيني وبينكم على عدم التجاوب وحل المشكله للان من قبلكم",شركة توصيل,سوء تعامل,
"تم إيقاف حسابي في تطبيق أوبر بدون سبب مقنع، ولم يتم توضيح السبب بوضوح من قبل الشركة.",شركة توصيل,سوء تعامل,
"تأخرت رحلتي مع كريم بسبب تأخير السائق المخصص لمدة ساعة كاملة، ولم يتم تقديم أي اعتذار أو تعويض.",شركة توصيل,تأخير,
"لدي شحنه تم تسليمها من خلالكم الى شخص في جده و مع العلم بأن عنواني الوطني موضح بالكامل على الطلب مع اسمي الثلاثي !
 رفعت شكوى و تم تسليم الطلب الى شخص لا اعرفه بدون النظر الى امر الشكوى او حتى التعامل معها والتواصل معي!!!!",شركة شحن,فقدان,
"قدمت في كل مكان ومافيه اي رد منكم ولا منهم 
 
 COM18875.",غير محدد,اخرى,
"@MoTLS19955
  
 
 @GFS_Express
  
 
 @GFS_Care
  
 شحنتي عندهم لها اسبوع يظهر لي تعذر التسليم وهم ماتواصلو معي ولا شي ، غلطت برقم جوالي وعدلته قبل وصلوها للرياض لكن للحين محد تواصل معي",شركة شحن,تأخير,
"الحظه هذي تسونها مع ناس و ناس لا و انتو فاهمين قصدي عيب عليكم شحنتي لها اسبوع عندكم و لمن الحين ما احد تواصل معي و انا اللي اركض وراها فوق انها مدفوع عشان توصل بسرعه تماطلون فيها الى متى و انتو كذا افشل شركة شحن 
 @AzizAlnowaiser
  
 @SaudiTransport
  
 @nazaha_gov_sa
  
 @MCgovSA",شركة شحن,تأخير,
لما مندوب التوصيل يوصل طلبي لعنوان خطأ ويضيع المشتريات اشتكيت كل أسبوع على مدار ثلاث اسابيع وكل مرة يقولو حنحل الموضوع وقربت شهر محد عبرني ولا رجعت فلوسي من أسوأ @المتاجر في التوصيلmcgovsa_care,شركة شحن,فقدان,
"@SALogisti
  
 سلام عليكم 
 عند اصدار بطاقة تشغيل مركبه لن نتمكن من اضافة المركبه على الموقع او اضافة المنشأه اكثر من مره نرجو الافاده",مركبات نقل,استفسار,
"@SaudiTransport
  
 
 @nazaha_gov_sa
  
 
 @mtcitoman
  
 
 كيف قدر يمرر صورة هذا على برنامج التعرف على الوجه",غير محدد,استفسار,
"مرحبا شركة شحن كلموني قال لك هدية بمناسبة رمضان قيمتها ? الاف لكن لازم تدفعي ??? عشان التوصيل، بلغت عالرقم انه نصاب لكن من اسبوع وكل يوم يجيني مندوب من رقم الشركة الرسمي يقولي شحنتك بالطريق اليك وجهز ??? ريال كاش !! كلمتهم مليون مره بتصرفون ومافي فايدة!!",شركة شحن,سوء تعامل,
"تم تأخير وصول الطلبية المطلوبة من تطبيق هنقرستيشن لمدة أكثر من ساعة، مما تسبب في تأثير سلبي على تجربتي.",شركة توصيل,تأخير,
جيني فيه كباتن اجانب ومخالف لنظام السعوده. وينكم عنه وسيارات قديمه ومخالفه ووو ؟؟؟؟,شركة توصيل,مخالفة انظمة,
تم رفع البلاغات من شهور مع الصور الشاحنات والحمولات من مصانع داخليه ونقل السيارات الصغيرة من الدمام الي الرياض. ولكن لم نجد تجاوب مايحتاج نرسل مثل مانتم تخالفونا بنقاط متنقله. المفروض على الجميع مثل منتم الزمت الناقل الداخلي الا بوثيقه نقل هم على الاجنبيه مثلنا,مركبات نقل,مخالفة انظمة,
"@MoTLS19955
  ارغب بتصعيد شكوى على كابتن اجني في بولت كيف الاليه ؟",شركة توصيل,استفسار,
"السلام عليكم ورحمه الله 
 كيف ارفع شكوى على تطبيق جيني",شركة توصيل,استفسار,
"@MoTLS19955
  عندى بلاغ ضد معرض سيارات ايجار فى جازان ومحتاج مساعده لو سمحتم",تأجير,مخالفة انظمة,
"متى تردون علي؟؟؟
 طلبيتي لها اربع ايام وصلت لتبوك وللان ماتم توصيلها ولا التواصل معي ؟؟ الى متى حتى رد ماتردون",شركة شحن,تأخير,
"قام سائق أوبر بالتسبب في حادث مروري بسبب قيادته الغير آمنة، ولم يقدم التعويض المناسب أو اعتذار صريح.",شركة توصيل,سوء تعامل,
"يا مسلمين ترى اللي يصير عيب وحرام وظلم واجحاف الله لا يسامحكم ولا يبيحكم ،، مشوار قيمته 35 ريال وتم خصم اكثر من 40 ريال يعني انا الحين اوصل ببلاش الله لا يوفقكم حسبنا الله ونعم الوكيل فيكم ….. يا وزارة النقل الله يرحم شيبانكم الموضوع عندكم 
 @SaudiTransport",شركة توصيل,مشاكل مالية,
"الدمام - استهتار سواقين الشاحنات في شارع الميناء ، و هذا استهتار بأرواح المسلمين و حيازة الطرق والتسبب بالحوادث
 
 عنايتكم : 
 @ppgovsa
  
 @pss_ar
  
 @kamnapp
  
 @security_gov
  
 @MOISaudiArabia
  
 @eMoroor",مركبات نقل,سوء تعامل,
ياليت هئية النقل يحلون مشكال منصتهم الي لنا شهرين واحنا ننتظرهم,منصات حكومية لوجستية,تأخير,
"البريد السعودي لا يقوم بتحديث حالة الشحنات بانتظام، مما يسبب لي قلقًا بشأن مكان طردي ووصوله الفعلي.",شركة شحن,تأخير,
"#وزارة_النقل_والخدمات_اللوجستية
 
 @SalehAlJasser
 
 
 @SaudiTransport
 
 
 @TGA_CARE
 
 
 @Saudi_TGA
 
 
 @SALogisti
  
 منذ عدة ايام و منصة لوجستي متعطلة عن العمل بسبب تحديث المنصة تواصلنا مع الدعم الفني و لم تفلح جميع الحلول .. 
 اعمالنا تعطلت بسبب هذا التحديث الغير معروف متى ينتهي !!",منصات حكومية لوجستية,تأخير,
"@Uber_KSA
  
 @TGA_CARE
  
 
 اليوم كنت متاخر عن الدوام وطلبت أوبر لكن جاني كل ريحته فلفل وتميس حامت كبدي ونزلت قبل يبداً الرحله وانخصم المبلغ كامل وأتفاجى ان باكستاني وله سنه شغال ؟؟؟ يازينهم الكباتن السعودي يجيك الصباح رايق قهوه وريحه طيب و.. المهم شوف حل مع..",شركة توصيل,سوء تعامل,
مادام مرخصين من الهيئة العامة للنقل يمكن يفيدونا في حال تعطل النظام لمدة أسبوع وش الحل,منصات حكومية لوجستية,تأخير,
"ياخي انتو الى متى كذا شي مو طبيعي يعني فلوسي سحبتوها لها ٤ شهور الان الطلبيه من بنك بعد تتصلو تقولو حاولنا التواصل ومافي اي اجابة محد اتصل عليا حراميه انتو ومناديبكم كذابين مايتصلو نبغا اخنا نختار شركة التوصيل ارمكس سيئه 
 @Aramex_KSA
  
 @Aramex
  
 @mcgovsa_care",شركة شحن,تأخير,
"السلام عليكم ورحمة الله وبركاته 
 لدي شحنة برقم 290938922262
 رقم التسليم 484
 توجد ب فرع البديعة مخرج ٢٨ 
 الرجاء نقلها ل فرع عليشة بالقرب من سكني 
 وشكرا",شركة شحن,اخرى,
"سيارتي كويسه ونظيفة الحمدلله والحين قفلو علي عشان موضوع الـ 5 سنوات بدأ الموضوع الآن بكريم واكيد بيتبعه اوبر وغيره لان النظام ع الجميع ..
 
 ارجو اعادة النظر في قرار الـ 5 سنوات لانه فعلاً ضيّق علي وابي اشتغل واكد واصرف على عمري 
 
 @Saudi_TGA
  
 
 @McitGovSa",شركة توصيل,سوء تعامل,
أ أرجو الرد,غير محدد,اخرى,
عندي شحنة برقم 50047261880 وتقولون التوصيل من 2-4 وتعدينا هالايام ولسى الشحنة ماوصلت ايش بتوصلون له ارجو منكم النظر في الامر ولا بقدم شكوى,شركة شحن,تأخير,
"من تاريخ ? فبراير شحنت محفظة جاهز بمبلغ (187.30) ريال بواسطة بطاقة ائتمانية ولم يتم اضافتهم اتصلت بهم بكل الوسائل لاعادتها للبطاقة بدون اي جدوى ولم يتم تزويدي بأية رقم مرجعي للشكاوي 
 @JahezApp
  
 @JahezCareKSA
  
 @SaudiTransport
  
 @habakr",شركة توصيل,مشاكل مالية,
"@TGA_CARE
  تم ايقاف حسابي في تطبيق بولت علماً ان جميع الوثائق سارية المفعول",شركة توصيل,استفسار,
كروت التشغيل لدبابات للخدمات اللوجستية,مركبات نقل,استفسار,
"هذا كلام فاضي!!!!! 
 تواصلوا ? موزعين ويطلبون الموقع وبعد مانرسل مايتجاوب ويجي اليوم الثاني مندوب جديد وعلى هالحال 
 وكل موزع اهمج من الثاني اصلا",شركة شحن,سوء تعامل,
"@Saudi_TGA
  لو سمحتوا شوف حل معاهم شحني متعطلة اربع يام، كل يوم انتظر التوصيل و ماتوصل، وخدمة العملاء كلمتهم و ما عندها فعالية كلام بدون فعل",شركة شحن,تأخير,
"@Saudi_TGA
  
 بعد المنع تكرر من تطبيق 
 @CareemKSA
  وجود عمال اجانب يعملون باسم سعودي مسجل وحصلت معي بالتحديد",شركة توصيل,مخالفة انظمة,
"@telgani
  
 @TelganiCare
  أسواء تطبيق تأجير سيارات ، خدمة عملاء يسكرون الخط في وجهك ولا يخدمونك ، استأجرت سيارة و ألغيت الحجز قبل موعد الاستلام ب ساعتين وفق سياسة التطبيق خصمُ مني قيمة يوم من الايجار !! كلمت 
 @Saudi_TGA
  قالو لي التطبيق ماعنده ترخيص #تطبيق_تلقاني #تلقاني #ايجار_سيارة",تأجير,سوء تعامل,
"@egoNowCare
  
 @Saudi_TGA
  
 @TGA_CARE
  عندي مبلغ 104 ريال طالب استرجاعه من 2 اغسطس على حسابي البنكي و افادوني الدعم 14 يوم عمل و سيتم تحويل المبلغ ، ايش المهزله ذي اكثر من 19 يوم عمل و لا رجع لي المبلغ ؟",شركة توصيل,مشاكل مالية,
"السلام عليكم انتم تضحكون على الشخص ولا ايش أنا قبل لا أطلب من التطبيق سعر المكان طلع لي 21 ريال تخون مني 40.56 ريال من غير أي سبب يعني تبون أنا نشتكي لكم وزارة التجارة 
 @MCgovSA
 او مكتب العمل
 @HRSD_SA
  او وزارة النقل 
 @SaudiTransport",شركة توصيل,مشاكل مالية,
"لأن رضاك هو الأساس..
 نسعى دائمًا في لوجستي، لتحسين تجربة المستخدم وضمان جودة الخدمات المقدمة له.
 
 شاركنا رأيك عبر الاستبيان
 #لوجستي",منصات حكومية لوجستية,اخرى,
"تأخرت رحلتي مع جيني لمدة ساعتين دون أي تنبيه مسبق، مما تسبب في تأخيري لموعدي الطبيب.",شركة توصيل,تأخير,
"للأسف حصلي نفس الموقف اليوم، ومحدده الوقت ويوصلني خارج الوقت، ومنطقتي باسكان خشم العان العسكرية وموضحة عند الطلب بيانات سكني، وبكل وقاحة يكلمني المصري ويقولي الطلبات مو واقفه على انتظارك!! والسبب لابد اطلع من المنزل للبوابة لتقديم تصريحه الدخول، ولما وصلت له راح!!",شركة شحن,سوء تعامل,
"يوم تأخير
 مناديب شركة",شركة شحن,تأخير,
"لم يتم تقديم الخدمة بالشكل المطلوب من قبل تطبيق تويو، مما تسبب في إضاعة وقتي ومالي وإحباطي.",شركة توصيل,سوء تعامل,
"تعذر علي العثور على سيارة أوبر في الموقع المحدد، وتسبب ذلك في تأخري لموعدي الهام.",شركة توصيل,تأخير,
لا الى الان و موقع النقل فيه مشكلة موراضي يرفع بلاغ,منصات حكومية لوجستية,تأخير,
"@smsacare
  عندي شحنة جايه من الرياض وهي كلها أوراق ممكن 30 ورقة بظرف واحد بوزن 0,5 كيلو وهي: 217085285212 
 .
 ممكن اعرف ليه سعر التوصيل 161 ريال ؟
 
 
 @SaudiTransport
  
 
 @trendnews_24",شركة شحن,مشاكل مالية,
"@TGA_CARE
  ابغى افهم سياراتكم وموظفينكم جالسين فيها يوميا عند باب المغادره فوق في مطار جدة ايش تسوي قومو بدوركم تحت عند باب الوصول الكدادين بهذلونا اتقو الله في عملكم",شركة توصيل,سوء تعامل,
لا مافي حملات يوميا على تطبيقات النقل الموجه بالرياض كثير باكستانيين ويمنه ومصاريه وهنود وبنقاليه شغالين فيها خصوصا اوبر وكريم وجيني وبولت وكيان وايجو وانتم فشلتم في القبض عليهم وترحيلهم,شركة توصيل,مخالفة انظمة,
"@Saudi_TGA
  
 @dal_bychannels
  
 @stcpay_ksa
  
 @SAMAcares
  اصدرت بطاقة مدى بلاستيكيه مجبراً ب ٣٤ ريال من stcpay والناقل دال الغى شحنتي لانه لايغطي مدينة رابغ 
 وكلمت stcpay يقولوا انه دال يغطوا توصيل رابغ 
 لذلك اتمنى تشوفولي حل معاهم لانها مو اول مرة وشوفوا الشكاوى بالصور",شركة شحن,سوء تعامل,
"#لغة_الطريق⁩ | 
 
 منطقة أعمال 
 كن حذرًا، وقلل من سرعتك.",منصات حكومية لوجستية,اخرى,
طلبت من الابليكيشن و تم استقطاع المبلغ و الان المطعم كنسل الطلب المفروض عملية استرجاع المبلغ ما تاخذ ثواني مثل وقت الدفع و مافي شي في الابليكشن يعرض مشكلة رفض المحل و استرجاع الأموال,شركة توصيل,مشاكل مالية,
"ياجماعة غير مقبول الكلام شحنة من جدة الى الرياض تاخذ اسبوع!!
 
 اذا ضيعتوها بلغونا عشان نعرف نتصرف.
 
 cc: 
 @MoTLS19955",شركة شحن,تأخير,
ظاهر لي في الموقع تم التسليم والشحنه ماوصلتني؟؟!!,شركة شحن,فقدان,
عندنا في محافظه الحناكيه يتجمعون عند جامع هيا العساف ويرسل لك على الواتس اب تعال استلم طلبيتك مايوصلون لموقع الاستلام اذا ما استلمتها ترجع الطلبيه ايش الحل؟تعبنا معهم,شركة شحن,سوء تعامل,
السلام عليكم انا طالبه من هنقرستيشن واغلب الاغراض اللي طلبتها ماجت وكلمتهم ومافي اي تجاوب يصرفوني انهم رفعوا الشكوى وللحين مارجعوا فلوسي ياليت تشوفون لنا حل معهم رقم الطلب: 586130048,شركة توصيل,فقدان,
"اصبح مؤخراً كثرة العماله الاجنبية في تطبيقات النقل الموجه مثل اوبر و غيرها نرجو منكم التحقيق في هذا الموضوع علماً انها للسعوديين فقط. #متسترين_اوبر 
 @Uber_KSA
  
 @Saudi_TGA",شركة توصيل,مخالفة انظمة,
"@MoTLS19955
  السلام عليكم وصلتني هذي الرساله على الايميل ابي اعرف مدى صحتها والطلب من وين",شركة شحن,استفسار,
حاولت اقدم شكوى عن طريق الحساب تم تحويلي على التطبيق وبعد تحميل التطيبق وجدت ان تصنيف الشكوى غير مدرج في الخيارات . الرجاء افادتي مافي طريقه تقديم بلاغ عن شركة شحن وشكراً,شركة شحن,استفسار,
"@MCgovSA
  
 @CSTwithU
  
 شركة سيئه 
 الكل يشكي منكم وماحد حط لكم حد
 شحنتي مفروض من ٣ ايام واصله
 كل يوم الصباح يجيني مسج انها خرجت للتسليم 
 اسوي تتبع واتواصل مع الارقام المرفقه يطلعون لي ناس يقولون الرقم غلط احنا مو مناديب!!!
 ويجي الليل محد يتواصل معي!
 
 @iMile_KSA",شركة شحن,تأخير,
"تعال خاص و ايش عندك للاسف حقيقة غائبة و ردود دبلوماسية فقط لا غير مجرد شكليات امام الناس. 
 
 @SaudiTransport
  
 
 @Uber_KSA
  
 
 @CareemKSA
  
 
 @PIFSaudi
  
 و الاكيد ما فيه شي ببلاش عشان كذا تكلمت 
 لكم نسبة معينة 
 لكن سبحان الذي لا ينسانا ولا ينساكم وله الحمد كما ينبغي لجلال وجهه وعظيم سلطانه.",شركة توصيل,سوء تعامل,
"@smsacare
  ياليت تشوفو حل معاهم لو نتصل قالو تتبعو شحنتكم من التطبيق او قنواتنا وكلها مافي تحديث من امس العصر رغم مفروض الاستلام امس او اليوم حتى لما المرسل سلمهم الشحنه الخميس ماسوو الاجراءت وطلعوها من الفرع الا بعد ماقدمت شكوى يوم السبت",شركة شحن,تأخير,
"السلام عليكم ورحمة الله وبركاته
 هل يشمل القرار السطحات اللتي تنقل الاليات والسيارات ؟؟",مركبات نقل,استفسار,
"@SMSA
  
 يعني مو معقول اني انتظر شحنه لا تستغرق ثلاثة ايام للتوصيل اسبوعين !!!!!!
 وفوق هذا لا رد على ايميل ولا رد بتويتر 
 واكلم موظفينكم يقولون لي نرفع لك طلب وانتظري 24 ساعه الى48 ساعة وكل هذا من اسبوعييييين
 والمضحك انو يطلع لي من يومين المندوب خارج للتوصيل 
 لو جاي مشي وصل",شركة شحن,تأخير,
"شحنت المحفظه نقاط لا استخراج كروت تشغيل للدبابات ، وسحب مني النقاط من المحفظه بدون استخراج الكروت",مركبات نقل,مشاكل مالية,
"@SaudiTransport
  
 @HungerStation
  
 
 السلام عليكم انا اليوم تعرضت للاحتيال من هنقرستيشن فعلت اشتراك بريال الشهر الي راح عن طريق الدفع بأبل باي وتفاجأت اليوم بسحب مبلغ ٣٨ ريال تقريبا عن طريق أبل باي تجديد لاشتراكي مرةً أخرى شهرا آخر وبالرغم من ذلك لم يتم اضافة بطاقة ائتمانيه عندهم",شركة توصيل,مشاكل مالية,
"@MoTLS19955
  السلام عليكم
 كيف نشتكي على شركات التوصيل اللي ماتتعامل بالعنوان الوطني ومناديبها يوحلوا طرودنا لعناوين بعيدة ونجلس نطارد فيها من مكان لمكان",شركة شحن,سوء تعامل,
"@SaudiTransport
  
 
 @YeloDrive
  
 هذه الشركة الفاشله نحجز السياره عبر تطبيقها وعند الوصول الي محطة الاستلام لا نجد السياره 
 مع العلم بانها اخذت كامل المبلغ والشركة لم توفر سياره",تأجير,سوء تعامل,
تعبنا من سائقي التطبيقات!!! لاتجد سيارات واذ وجدت يلغي بعد مايسحبو فيك انتظار لاكثر من ساعه واحد يلغي وواحد يقبل وعلى هالحال !!!.,شركة توصيل,سوء تعامل,
"اذا ما وصلتوا الشحنة للعنوان الوطني الموجود عندكم .. رجعوها.
 مانا رايح لها مدينة غير مدينتي والفاتوره فيها حق التوصيل والشحن ..
 
 رجعوها وانا اعرف كيف اخليكم تجيبونها لحد العنوان الوطني وبالقانون.
 وشكرا 
 رسالتكم كلها تهديد وكاننا في غابة،
 احنا ببلد فيه نظام يمشي علي وعليكم.",شركة شحن,سوء تعامل,
"من قبل امس ولا تواصلوا معي استهتار مو طبيعي 
 @MCgovSA
  
 @NAMSHI_KSA
  
 @jtexpressme
  ust",شركة شحن,تأخير,
"جاتني رسالة من تأجير واحد استأجر سيارة وحط رقم جوالي 
 
 توي انتبه للرسالة دخلت وشفت العقد بإسم شخص اخر تماماً ؟",تأجير,مخالفة انظمة,
"@HungerStation
  
 
 @cpaksa
  
 
 @CST_KSA
  
 والله مادري اي واحد فيكن مسؤل من الساعه ٥ وانا طالب من هنقرستيشن والحين الساعه ٦ ورب تقرييا وكل شوي يزيد وقت التوصيل على كيفهم المفروض وقت التزصيل محدد تاخر يعوضني البرنامج",شركة توصيل,تأخير,
"@MoTLS19955
  طلبي مع شركه ايمايل وماهي راضيه توصله كل مندوب يستلم الطلب يرجعه لمنطقه الانطلاق ويقول اني مارديت والجهاز مغلق رغم اني ارسلهم الوكيشن وكل ساعه اذكره بطلبي ومع ذلك مايستجوبون معي ارجو حل مشكلتي مع هذي الشركه السيئه في كل مرا اطلب يتكرر هذا الامر منهم
 @SaudiTransport",شركة شحن,سوء تعامل,
"? شحنات تنتقل بين المناديب وكلهم رافضين يوصلون اخرهم يبغاني اجي له مجمع يبعد عني ? كيلو عشان استلم الشحنه !ويقلي تعال استلمها والا برجعها المستودع ! قمة المصخرة
 خدمة العملاء متصل عليهم ? مرات واخرها مكالمه ?? دقيقة و في الاخير جدول الشحنه
 وين التجارة",شركة شحن,سوء تعامل,
"@MoTLS19955
  
 @Aramex
  السلام عليكم عندي شكوى على شركة ارامكس شحنتي لها اسبوع عندهم ولا وصلوها لي ولا كلموني",شركة شحن,تأخير,
"@HungerStation
  
 اللي صاير ماهو معقول!
 لنا ساعة ونص ننتظر طلبنا والمطعم يقول ان الطلب جاهز بس المندوب ما وصل!!!!!
 
 @Saudi_TGA",شركة توصيل,تأخير,
"لم يتم توصيل الطلبية بالشكل المطلوب من قبل تطبيق مرسول، مما تسبب في إضاعة وقتي ومالي.",شركة توصيل,تأخير,
"بالله شفو لنا حل معا ارامكس. 
 @SaudiTransport
  
 عندهم طلبيه لي اكثر من 7 ايام موصلوها نجران. طبرجل رقم الشحنه 47657465122",شركة شحن,تأخير,
"الاخوة الكرام بهيئة النقل العام 
 ارسلت عدة ايميلات واتصلت على الرقم 19929 
 ولم رد للطلبي 
 وكالة النقل البحري اصدرت قرار على البحار اللذي يود الدراسة بالاكاديمية الاردنية للدراسات البحرية اخذ موافقة قبل الذهاب وارسل لهم على الايميل المذكور ولم يتم الرد علي",غير محدد,اخرى,
"وبعدين لاحظت شي الاسعار اغلا من الفرع من غير سعر التوصيل والنقطه الثانيه انه يعطيك الوقت المتوقع وكل مايوصل للوقت المتوقع والمندوب ماوصل يعطي تاخير 10 دقايق يتحدث الوقت 
 @SaudiTransport",شركة توصيل,تأخير,
"@sls_express
  السلام عليكم أنا لدي شحنه من شهر فبراير مو راضيه توصل لي من شركه الدو 
 والمندوب كل يوم يرسل ارسلي الللوكيشن ولا يوصل الطلبيه 676498675 مع العلم لم تستجيب الشركه للاتصالات أرجو الرد قبل ارفع بلاغ لوزاره النقل لايوجد اشخاص في شركه للتواصل معهم والمندوب يطلب مبلغ توصي",شركة شحن,تأخير,
"طريق #الفويلق-#الضلفعة وهو الطريق المؤدي إلى #بريدة 
  #القصيم 
 يخدم طلاب الجامعات والموظفين.
 لا يزال يحتاج إلى تحسين وتطوير ،تصدعات كثيرة بسبب الامطار. 
 
 @SaudiTransport
  
 
 @MoTLS19955
  
 
 @SalehAlJasser
  
 
 @AhmedSAlhassan",منصات حكومية لوجستية,اخرى,
"السلام عليكم ورحمة الله ..
 اهل استطيع تقسيط مخالفه لدي قيمتها خمسة آلاف ريال",غير محدد,استفسار,
من ينصفنا وياخذ حقوقنا منهم ؟ انا والاف العملاء لم يتم تعويضنا بعد ماتم سحب قيمة الوجبات من التطبيق وعلق التطبيق وحذف الطلبات والفلوس الى الان لنا شهور نطالب فيها ..!,شركة توصيل,مشاكل مالية,
"@Saudi_TGA
  السلام عليكم انا كابتن في بولت وتم حضر حسابي مؤقتا بسبب انتهاء استمارة السياره وتم التجديد ولكن الى الأن لم يتم تفعيل حسابي",شركة توصيل,تأخير,
"@AppMrsool
  الحين لوبشتكي على مرسول من المسئول عنهم هيئة الاتصالات 
 @McitGovSa
  ولاوزارة النقل ؟",شركة توصيل,استفسار,
"@mcgovsa_care
  
  طلبت من متجر شحنوالطلب عن طريق شركة بيز شحنوه للوجهه الغلط وطلبت تعديل ع الموقع وتم التعديل 
 لها اسبوعين وهي بمستودعات الرياض ماتحركت اكلمهم يقولون بنرفع تسريع طلب، بنرفع لك شكوى للأداره لكن ماتغير ولا شيء وش الاجراء اللي ممكن اسويه؟ برفع عليهم شكوى 
 
 @beezcare",شركة شحن,تأخير,
"@iMile_KSA
  اهلًا بأفشل شركة شحن اليوم الرابع اللي مناديبكم يقولون جايين ويسحبون علي وكلمت الشركة الخايسه وعطوني رقم مندوبهم ودقيت عليه رد يقول انا مافي شوغول وقفل بوجهي العن ابوها شغله تتهزأت عشان شحنتي اللي دافعه بفلوسي 
 
 يرضيكم؟ بنوصل ٢٠٣٠ وفي شركات زي ذي؟ 
 
 @SaudiTransport",شركة شحن,تأخير,
"@JahezCareKSA
  بدأنا استهبال!!",شركة توصيل,اخرى,
"@TGA_CARE
  اتمنى حل مشكلتي مع سبل رفعت لشكوى لشحنة لها اكثر من شهر واصله عبارة عن كريم طبي الشكوى لها تسعة ايام ولا صار عليها شي غير المماطلة فقط",شركة شحن,تأخير,
"لم يلتزم سائق أوبر بالمسار المحدد، مما تسبب في تأخري لموعدي الطبيب وفقدان فرصة مهمة للعمل.",شركة توصيل,تأخير,
"@SaudiTransport
  
 تعرضت لحادث مروري على طريق الرياض الدمام وتم الانتهاء من جميع الاجراءات المروريه والتقديريه ولم يتم تعويضي لاكثر من 3 اشهر من تاريخ وقوع الحادث وتم تحويلي الى المقاول وبعد مراجعة مدير وزاة النقل في الشرقيه يفيد ان ليس له سلطة على المقاول
  
 @SalehAlJasser",منصات حكومية لوجستية,تأخير,
لدي شحنة متأخر ولا يوجد تجاوب من ارامكس,شركة شحن,تأخير,
"سؤالي لوزارة النقل 
 سيارتي انعدمت بسبب عدم وجود لوحات إرشادية تكلفت ب ????? الف ريال
 هل يتم تعويضي",منصات حكومية لوجستية,مخالفة انظمة,
"سوء خدمه هنا
 فوق الوصف
 بعد 10 ايام انتظار
 امس يرسل المندوب وأرسله الموقع ويطنش لايرد ولا يجي
 اليوم يرسل المندوب وأرسله الموقع واتصل عليه فيقول الشركة غلطانة شحنتك مو معي وبعد المغرب اتصل عليه يقول انا في البيت خلصت دوام ولا اقدر اوصل شحنتك ألبوم بكرة يرسلونها لك",شركة شحن,تأخير,
تم فقدان طردي في الطريق من قبل شركة الشحن أرامكس ولم يتم تقديم أي تعويض أو توضيح من الشركة حتى الآن.,شركة شحن,فقدان,
"عماله يمنيه وبرماويه ينتحلون الزي الوطني السعودي ويعملون ب محلات الذهب وهي مهن مقصورة على السعوديين والسعوديات وهذا يعتبر مخالف لأنظمة العمل الوطني السعودي
 
 @MCgovSA
 
 
 @HRSD_SA
 
 
 @nazaha_gov_sa",غير محدد,مخالفة انظمة,
السلام عليكم ارجو ايجاد حل لي رحتين التغت كل رحله بقيمة ??? ولم يعود لي اي مال ارجو ايجاد حل اتواصل بتويتر يقولون تواصل مع البرنامج اتواصل مع البرنامج يقولون رجعت وهو مارجع شي,شركة توصيل,مشاكل مالية,
السلامة عليكم كريم واوبر لم يفعلوا الموديلات اللي تم تمديدها حديثا من ٢٠١٤ واعلا يقولك لازم موديل ٢٠١٨,شركة توصيل,استفسار,
"@MoTLS19955
  
 
 @TGA_CARE
  
 
 @SaudiTransport
  
 
 @Aramex_KSA
  
 شركة أرمكس مماطلة واستهتار هذي اللحظة جاني إشعار خرج المندوب بعدها بدقيقة أشعار ثاني تمت محاولة التوصيل ومن يوم السب للان يقولوا المندوب قريب ولاخدمة عملاء وبتويتر يكرروا الكلام لدي بلاغ ف الهيئة نبغا حل",شركة شحن,تأخير,
"@TGA_CARE
  سلام عليكم كيف اشتكي على تطبيق 
 @egoNowCare
  
 
 @Ego_now
  
 فلوسي عندهم ولا راضين يرجعونها",شركة توصيل,مشاكل مالية,
"@JahezCareKSA
  انا طلبت من البيك، واخترت وجبة + طلب جانبي
 تفاجأت ان المندوب ماجاب لي الوجبة وجاب بس الطلب الجانبي اللي سعره مايتجاوز 5 ريال، وانا دافعه توصيل ١٩ ريال ، دام ان المطعم مافيه الوجبة ليش ينقبل الطلب! انتو رجعوا قيمة الوجبة بس ، لكن من يعوضني عن قيمة التوصيل؟ 
 @TGA_CARE",شركة توصيل,مشاكل مالية,
"@Aramex_KSA
  
 @Aramex
  
 @ShopandShip
  يا كذابين لا يوجد اي تحديث بجميع شحناتي التي رفعت فيها طلب و اتواصل معاكم على الهاتف الآن و لا يتم الرد ! الى متو الاستهتار باللعملاء و الى متى هيئة النقل لم تتخذ إجراء صارم مع شركات الشحن 
 @MoTLS19955
  
 @SaudiTransport",شركة شحن,سوء تعامل,
اسوء شركة شحن وادق عليهم يقولو ما عليكي رفعنا طلبك وكل يوم ادق ونفس الحل صارو الحين معد يردو,شركة شحن,سوء تعامل,
اسوى شركة شحن مرت علي بحياتي الطلب الى الان ما وصل كملت شهربدون فايده لاترد علي تقول تم التواصل خاص وفي الخاص ماعندك فايده؟ غلطة عمر لشركه عساف تعاملهم معاكم السي مانتو قد الشغل لا تشحنوخافو الله في رمضان ياسيئين التعامل,شركة شحن,تأخير,
"@JeenyCare
  ممكن احد يرد. في الخاص و ينتظر مو يرسل رساله و يختفي ساعه ؟ او اعطونا رقم نتواصل فيه معكم مو معقول حواله تاخذ اسبوع للحين ما وصلت و اتواصل معكم تقولو المشكله من stc اتواصل مع STC يقولو المشكله عندكم",شركة توصيل,تأخير,
"السلام عليكم ورحمة الله وبركاته
 
 تم مراسلتكم على الخاص شكوى تخص توصيل 
 @MoTLS19955
  ، أمل الإطلاع.
 
 وشكرا.",شركة توصيل,اخرى,
الرجاء توفير لي مندوب استرجاع لي الطلبية رقم البوليصة/ 50044091580,شركة شحن,اخرى,
"@SalehAlJasser
  
 معالي الوزير مع التحية 
 من عشرة ايام ومنصة النقل الالكترونية معطله . ولم نتمكن من اصدار بطاقات تشغيل لمعداتنا . وحيث اننا مرتبطون بعقود مع الخير ولا نستطيع ان نسير مركبات مخالفه تتعرض للعقوبات .
 لذا نامل التكرم ببحث المشكله ورفع الضرر وشكرا",منصات حكومية لوجستية,تأخير,
"@Aramex_KSA
  
 والله لا يعقل يومين الشحنة تطلع مع مندوبكم وهي كتب دراسية مهمة لي ومتعطله لي اسبوع انتظر شحنتي واخر شي يسجل في النظام انه ما قدر يتواصل معي مع ان رقم جوالي مسجل ولا فيه شخص اتصل علي اصلا! 
 هذا وانا دافعه قيمة التوصيل كاملة لباب البيت وش هالمهزلة!!! 
 
 @SaudiTransport",شركة شحن,تأخير,
"@MoTLS19955
  السلام عليكم
 تم التواصل مع ناقل عدة مرات بخصوص شحنتي
 تم حذف من موقعهم بيانات التتبع
 كل ما سألت عنها مافي احد يجاوب
 ولا في مندوب من طرفهم يتواصل معي بخصوص التسليم",شركة شحن,فقدان,
"@mcgovsa_care
  عندي بلاغ باقدمة ع شركة ايميايل ومتجر ويكسانا 
 @Wixsana_sa
  لي اسبوعين يماطلون بتسليم الشحنه ومندوب ايمايل يوقف في محطة ىيقول انتي تعالي استلميها رافض يوصلها لي للبيت؟! وبعدين كل يوم اعادة حدولة حاولت اكلم شركة الشحن والمتجر ونفس ردودهم سيتم التوصيل اخر شي الان",شركة شحن,تأخير,
"خدمة العملاء سيئة الطلبية راحت من مندوب المحاميد الى مندوب بحرة وكلهم ما يوصلون للحرازات هذا على كلام خدمة العملاء و يقولون بتوصل اليوم بتوصل اليوم من يوم الأثنين عموما الارقام المرفقة كلها خطأ ماعدا الأخيرة هي بالفعل لمندوب برقم ساري 
 @SaudiTransport",شركة شحن,سوء تعامل,
"ماهو معقولة الخدمة سيئة جداً
 
 هذا ثاني مندوب يتواصل معي بخصوص العنوان واذا ارسلته له يقول هذا ماهو تابع لي ..
 
 وش الاستهتار هذا فينا
 
 شوفوا لنا حل مع شركة الشحن",شركة شحن,سوء تعامل,
"السلام عليكم 
  لقد تم شحن المحفظة عن طريق الخطأ بمبلغ ٩٩٩﷼ في تطبيق جيني بدون قصد وتم التواصل مع خدمة العملاء وعدم الاستجابة لمشكلتي ووالله العظيم اني ف امسح الحاجة لهاذا المبلغ وانه ليس لي وارجو ارجاع المبلغ في اسرع وقت 
 
 @SaudiTransport
 
 
 @MoTLS19955
 
 
 @JeenyCare",شركة توصيل,مشاكل مالية,
"الآن لو طلبت سيارة من شركة نقل الركاب، الاسم سعودي لكن السائق غير سعودي.. وش اسوي؟",شركة توصيل,مخالفة انظمة,
"@HungerStation
  
 @MCgovSA
  لو سمحتو شغلو مناديب تفهم له ساعه يلف بالطلب مو راضي يجيبه",شركة توصيل,تأخير,
"السلام عليكم ورحمة الله وبركاته 
 عندي طلبيه تاخرت علي جدا ولها? ايام بالمنطقه الي انا فيها ولم تصلني الى الان؟
 رقم التتبع:50080350563
 شوفو لهم حل",شركة شحن,تأخير,
"مبرووووووووووووووك ناني 
 ربحتي 1000 ريال من تطبيق كيان 
 
 تستاهل
 
 اكتب تحت حجت يا كيان مع هاشتاق
 #حجت_يا_كيان15 
 
 وانتظرونا في يوم جديد وسحب جديد",شركة توصيل,اخرى,
"@MoTLS19955
  
 @SPL_CARE
  اليوم فيه شحنة طالعه للتوصيل و ماوصلها المندوب كل اليوم انتظره بالموقع و اتصل عليه ومافيه اي تجاوب و انتهى داومه حاليا !! هذا غير الشحنة الثانيه المتاخره ، خدمتهم سيئة جدا",شركة شحن,تأخير,
المندوب ملخبط شحنتي بشحنه ثانيه و ادق عليه مايرد وادق على رقمكم الموحد وماتردون!!,شركة شحن,فقدان,
 هل تم سعودة توصيل الركاب ,شركة توصيل,استفسار,
"السلام عليكم ، اريد تقديم بلاغ علي ابلكيشن مرسول هل اقدم في بلاغ تجاري او هناك جهه اخري اسجل بلاغي لديهم",شركة توصيل,استفسار,
ياوزارة التجاره تكفون شوفو لي حل بشركة ايمايل ماصارت ياخذون الفلوس ولاعاد يردون,شركة شحن,مشاكل مالية,
"مثال جديد لسوء تجربة العميل لدرجة تؤثر على جودة حياة المواطن والمقيم في بلدنا الغالي
 
 @Aramex_KSA
 
 
 @Saudi_TGA
 
 للعلم رقمهم ٨٠٠ لا يمكن التحدث بكائن بشري وكل الخيارات تنتهي برد واحد بتجيك رسابة نصية لتتبع شحنتك. 
 
 السالقة بسيطة طلب من 
 
 @AmazonKSA
 
 المفروض يوصل خلال ٢٤ ساعة له الان ٤",شركة شحن,تأخير,
لي خمس شحنات حاطينها في كل موقع تعبت منكم برفع شكوى فيكم ي وزارة التجاره شوفوا حل معهم او شي كل شحناتي موزعينها ع مناطق المملكه كل يوم اكلمكم هنا حتى الاتصال يخلون الرد الالي خدمة سيئه,شركة شحن,سوء تعامل,
خطوات إصدار ترخيص غير مقيد الدرجات الآلية لنقل البضائع,مركبات نقل,استفسار,
كيف ارفع شكوى ع شركة شحن ؟,شركة شحن,استفسار,
"السلام عليكم 
 امس رفعت شكور برقم 4249496 بسبب تأخر الشحنه في مستودع مكة الزايدي يومين في المستودع وماخرجت للتسليم.
 
 لماذا لم يتم الرد على الشكوى يا",شركة شحن,تأخير,
"السلام عليكم عندي مشكلة مع شركة سمسا لتوصيل الطلبات 
 تأخروا بتسليم الشحنة المرسلة ولم تصل الى المستلم في الموعد المحدد
 وحينما احاول التواصل معهم ترد الموظفة بعد العديد من محاولات الاتصال بهم وتقوم بتعليق الخط لمدة ?? دقيقة واكثر بدون رد او حل للمشكلة 
 وكل هذا بسبب طلبي عمل شكوى",شركة شحن,تأخير,
"السلام عليكم 
 @MoTLS19955
 
 أقدم لكم شكوى على 
 @Uber_KSA
  حيث قاموا بخصم مبلغ من حسابي البنكي مرتين متكررة على رحلة ملغاة بسبب سائق أوبر، ولا يوجد لديهم هاتف لاستقبال الشكاوي، أما التطبيق الخاص بهم فخيارات رفع شكوى محدودة جداً ولا تشمل مثل مشكلتي ولا يوجد نظام محادثة مباشرة فيه.",شركة توصيل,مشاكل مالية,
نعم لاحظت ذلك ركبت مع واحد باكستاني والصوره متغيره عن الواقع. وكان قليل الكلام.,شركة توصيل,مخالفة انظمة,
"@TGA_CARE
  السلام عليكم 
 عندي شكوى ضد 
 @HungerStation
  وين اقدر اشتكي",شركة توصيل,استفسار,
"السلام عليكم 
 @Saudi_TGA
  
 @TGA_CARE
  خلو السوابق او الفحص الجنائي لي اوبر عن طريق مين تتم ارجو افادتي حسابي واقف بسببها ارجو ارسلها لي اوبر",شركة توصيل,استفسار,
السلام انا طالب عطر من شركه لافيرن لو لحد الان 26يوم والعطر موجود مع شركه شحن ايمايل وكل م اكلمهم ميستجوبو معي كل موضف يعطيني كلام غير يوم يقولو لي الشحنه طالعه مع المندوب ويوم الشحنه باقي في الخط يماطلو فيني رجا خاص شوفو لي حل,شركة شحن,تأخير,
"@MoTLS19955
  هل الشكوى على شركات التوصيل اللوجستيه من اختصاصكم",شركة توصيل,استفسار,
"@MoTLS19955
  السلام عليكم لدي شكوى لبريد يعمل هنا ، اريد ارجاع شحنه ولم اجد اي تعاون معهم اريد الحل ؟
 @WorldShip1",شركة شحن,سوء تعامل,
"@SalehAlJasser
  معالي الوزير عنايتكم نرجو النظر في مخالفين الأنظمة من الاجانب اللذين يعملون في تطبيقات التوصيل اوبر وهيا مهنة تقتصر على السعوديون أبناء هذا البلد العظيم 
 ولدينا كل ما يثبت بوجودهم في الميدان ولك بذلك جولة وتضح لك الحقايق على المتسترين 
 
 @Uber_KSA
  
 
 @MOISaudiArabia",شركة توصيل,مخالفة انظمة,
"السلام عليكم 
 
 تم إرسال إيميل على 938@rga.gov.sa، الموافق بخصوص شكوى على مندوب ??-?-????م ولم يتم الرد إلى هذه اللحظة.",غير محدد,سوء تعامل,
"لازم حل صارم مع ذي الشركه مناديبها يسحبون مايوصلون الطلبيات واذا تبغاه يوصل لك ادفع له حق المشوار او يقولك بحطها لك فاي مكان 
  والله الشركه ذي ماحد ردعها
  ليش التوصيل عليه مشاكل عندنا اغلب الشركات ماتوصل الا بعد ماتطلع روحك ترا بفلوسي مو تكرما منهم عشان يذلونا",شركة شحن,تأخير,
شركة ايمايل لهم اسبوعين يمطالون يشحنتي ابغى اقدم شكوى,شركة شحن,تأخير,
"@TGA_CARE
  شركه سيئه مندوبين خلال يومين متتالين يرفعون صوتهم علي الاول ماعنده شبكه وهذي مخالفه صريحه وينافخ يبي كاش وانا ماعندي والثاني بس دقيقتين تأخرت بالرد كنسل تسليم الطلب وراح متخيلين الوقاحه غير سعوديين المناديب",شركة شحن,سوء تعامل,
شوفوا لنا حل مع شركة الشحن,شركة شحن,اخرى,
"(2) وهي استخدام (الدبابات)الدراجات النارية في التوصيل وبلاشك هذا الأمر يعتبر خطه ناجحه للتخفيف من الازدحامات المرورية وهو نشاهده في كثير من الدول 
 لكن مانشاهده لدينا من سائقي الدرجات امر خطير.
 السؤال 
 هل تم تدريبهم على استخدام الطرق بشكل الصحيح والآمن لهم وللأخرين 
 لأننا نشاهدهم",مركبات نقل,استفسار,
"يوجد مماطله وعدم انضباطيه في اوقات التسليم وخدمة عملاء في الماديب غير جيده
 
 ربط العميل في موقع التسليم وثم الاعتذار هذا غير منطقي 
 
 وتم رفع شكوى لوزارة التجاره حيال ذالك",شركة شحن,تأخير,
"كيف يحضر المندوب للعميل بدون ما يجيب معاه جهاز الدفع "" الشبكة "" ، من اسوأ شركات التوصيل 
 
 
 @SaudiTransport
 
 
 @Aramex_KSA",شركة شحن,مشاكل مالية,
الرياض تحتاج الى عملية قيصرية عاجلة لفك الاختناقات وفتح شوارع جديدة لتسهيل الحركة المرورية وولات امورنا لا يألون جهداً في اسعاد المواطن والمقيم حفظهم الله وسدد خطاهم,منصات حكومية لوجستية,اخرى,
سلام عليكم ودي اشتكي على شركه ناقل لنهم سببو تلف للمنتج ولم يقومون بحل مشكلتي هل هي عن طريقكم الشكوى على شركه ناقل؟,شركة شحن,سوء تعامل,
ليه يتم طلب رقم الهوية كاملة من قبل المندوب ؟! ترى خصوصية مو منطقي نعطيه رقم هويتنا وفيه رقم تسليم !! اقل شيء يطلب اخر اربع ارقام او رقمين حتى او مايتم طلبها نهائي !,شركة شحن,اخرى,
"السلام عليكم ورحمة الله وبركاته
 يوجد لدي مشكله تخص احدى المشاوير وحاولت التواصل مع الرقم الموحد لاكثر من مره ولا يوجد اي رد وحاولت التواصل معكم عن طريق الرسائل ولا يوجد رد ايضاً وحاولت رفع شكوى ولا يوجد اي تجاوب من قبل الشركة 
 @Uber_KSA
  
 @SaudiTransport",شركة توصيل,سوء تعامل,
"وهذا رقم الشكاوي اللي رفعتها بدون ما الاقي استجابه 
 
 T2105210654601 رقم الشكوى الاولى 
 
 T2105210189601 رقم الشكوى الثانية 
 
 وتم الاتصال بالشركة وماكان في اي تجاوب فقط يعملو جدوله وياخذو العنوان ويتكرر الموضوع مره ثانيه بنفس الاخطاء وضعف الأداء ورداءة الخدمة",شركة شحن,سوء تعامل,
من الظهر اراسلكم محد رد علي شحنتي تطلع مع المندوب ومايتواصل معاي ابد من ? ايام وش الحل؟؟؟,شركة شحن,تأخير,
"فيديو تحويل ايقونة الحذف الى محادثة موظف!
 وصورة من رد التطبيق على الطلب!
 ادور في حلقة!",غير محدد,سوء تعامل,
عندي شحنه من ?? مارس و تم وصولها للرياض بدل مكة و مركز الاتصال لا يوجد تجاوب الى الان و لا اعرف فين الشحنه,شركة شحن,فقدان,
تم فقدان طردي في الطريق من قبل شركة سمسا ولم يتم تقديم أي مساعدة أو تعويض للخسائر الناجمة عن ذلك.,شركة شحن,فقدان,
"نهنــئ #مــوانئ بتحقيــق تلــك الخطــوة الرائــدة، والتــي ستســهم فــي رفــع تصــنيف المملكــة بالمؤشــرات الدوليـة، وتبنّـي القـدرات المسـتدامة، والحلـول التـي تسـهم فـي رفـع مسـتوى عمليـات النقـل والتوزيـع، والتخزين المحلي والإقليمي، والارتقاء بمعايير الخدمات اللوجستية",منصات حكومية لوجستية,اخرى,
ياوزارة التجاره شوفو لنا حل مع شركة الشحن ايمايل الشحنات عندهم تعدت مواعيد التسليم المقرره لها (?? يوم عندهم)بسبب الاهمال والمماطله العيد قرب ولاسلمو الشحنات لنا والطلبيات متكدسه عندهم بالمستوعات,شركة شحن,تأخير,
"عدم سفلتة الطريق بعد الصيانة قبل سنوات، طريق #العقيلة - #الصلصلة مهددًا بضرر المركبات وخطر على المسافرين ،الطريق يسلكه يومياً المسافرين من المعلمين والمعلمات.
 #خيبر #المدينة_المنورة 
 احداثيات الموقع ( قوقل ماب ) 
 https://maps.app.goo.gl/r6oLNFUKoZXUgnTt5?g_st=ic…
 ———
 
 @SaudiTransport
  
 
 @938
  
 
 @SalehAlJasser",منصات حكومية لوجستية,اخرى,
"@invygoksa
  
 @TGA_CARE
  
 انفيجو تلغي عقد تأجير السيارة دون سابق إنذار حاولت التواصل معهم لكن لا يقبلون التواصل هاتفيا ، فما السبب ؟! على الرغم أن المدة لم تنتهي ومدفوع كامل المبلغ ويرفضوا إعادة المبلغ",تأجير,مشاكل مالية,
تم توجيه الشكوى لخدمة العملاء في تطبيق كريم بسبب سوء الخدمة والتأخير الكبير في وصول السائق.,شركة توصيل,تأخير,
"مناديبكم يستهبلون والله 
 
 واقف قدامي ولا يقول انا. جيني ومشى وحط علي ? وامس طالب اقوله تعال ذا المكان وكنسل وحط علي ? وش ذا التطبيق الخايس",شركة توصيل,سوء تعامل,
"حاصل معاي نفس الشي ، رافضين يعطوني البيان الجمركي ، تكلمت مع الجمارك وقالو ان اصلا الشحنة ماهي مسجلة عندهم علما ان الشحنة مسجلين انها عند الجمارك لأكثر من ٢٠ يوم!!!",شركة شحن,فقدان,
مناديبهم من اسوء لاسوء مافي اي جديه في العمل امس اتصل المندوب وتاكد اني بالموقع قال نص ساعه وانا عندك من الساعه سبع المغرب انتظره ماطلعت ولا تحركت ضيع يوم الخميس ع الفاضي ولا اتصل ولا مر وبالاخير يحط العذر العميل غير متاح,شركة شحن,تأخير,
"لم يلتزم سائق أوبر بالمسار المحدد، مما تسبب في تأخري لموعدي العمل وفقدان فرصة مهمة للعمل.",شركة توصيل,تأخير,
"السلام عليكم 
 ممكن تفيدوني بالجهة المختصة لتصعيد شكوى في تطبيق توصيل المطاعم (",شركة توصيل,استفسار,
موقع توثيق حمولة بيان وقف إيش مشكلة,منصات حكومية لوجستية,استفسار,
عندي شحنه مسترجعه من تاريخ 27 فبراير مافيه اي تجاوب منكم بخصوص سرعة ايصالها للمصدر تواصلت معاكم كثير بلا جدوى من يسترجع لي المبلغ وانتم مافيه اي تحديث للشحنه,شركة شحن,تأخير,
"@Uber_Support
  
 @TGA_CARE
  أوبر ترفض صورة الاستمارة ولكنها تقبلها من غير السعوديين",شركة توصيل,مخالفة انظمة,
"هل من الممكن من وزارة التقل ان تضع قوانين صارمة على استهتار الناقل ارامكس؟ قطاع السعودية اسوء قطاع لخدمة العملاء، اين حماية حقوق العميل لا يوجد رد لخدمة العملاء و قيمة الإشتراكات و الشحن مكلفة و ?? شحنة ضائعة 
 @ShopandShip
  
 @Aramex_KSA
  
 @Aramex
  
 @SaudiTransport
  
 @MoTLS19955",شركة شحن,فقدان,
"هذي الشركة تفوز بأسوأ شركة شحن توصيل ورد على المكالمات 
 ولازم تطارد وراهم لتخبرهم ان لك شحنة عندهم ويتفاجأون بانها بستودعاتهم
 اتمنى من وزارة النقل 
 @SaudiTransport
  النظر في وضعهم",شركة شحن,سوء تعامل,
"لم يتم تسليم الطلبية بشكل كامل من قبل تطبيق هنقرستيشن، مما تسبب في إضاعة وقتي ومالي وإحباطي.",شركة توصيل,سوء تعامل,
شحنتي لها ?? ايام معلقه وش الحلللللل,شركة شحن,تأخير,
سلام عليكم طالبه شحنه من موقع ولي ?? يوم انتظر معلقه بالجمارك بالسعوديه ويقولون المشكله من عند الجمارك معنها بس ملابس اتمنى تساعدوني وتحلون المشكله ؟,شركة شحن,تأخير,
"عندي شحنة وصلتني رسالة من الظهر والى الان وانا منتظر المندوب
 مايرد على الاتصال ولا الواتس، واذا رد يسب وقليل ادب",شركة شحن,سوء تعامل,
"@MoTLS19955
  اسجل ويظهر رمز التحقق غير صحيح وهو صح ! كيف الطريقه ؟؟",منصات حكومية لوجستية,استفسار,
ياغالي حبيت اسأل عن ساعات العمل للتريلات فالطرق ايام الاسبوع فالويكند متى؟,مركبات نقل,استفسار,
"@rentmycar9
  
 @bainah_sa
  
 @MoTLS19955
  السلام عليكم الشركة مي كار رفعت علي شكوى للمحكمة وانا ما استاجرت من عندهم أساسًا وبعد ما تواصلت معهم جتني رساله أنها طلب التنفيذ ولكن تبقى التكاليف القضائية على اي اساس انا اتحملها وكل مشكلتهم بالغلط وتوصلت مع الشركة ولا في اي تجاوب",تأجير,مشاكل مالية,
"مرحباً بك، سَعدنا بتواصلك معنا، حرصاً على تكامل الخدمات المقدمة في منظومة النقل والخدمات اللوجستية، سيسعد الزملاء في 
 @Saudi_TGA
  بتلقي بلاغكم حسب الاختصاص، وذلك عبر التواصل مع مركز العناية بالمستفيدين على الرقم 19929 أو عبر حساب 
 @tga_care
  
 نسعد دوماً بخدمتكم.",منصات حكومية لوجستية,اخرى,
اكثر من مره اطلب بولت الاسم يظهر سعودي والسائق يجي مصري وش التلاعب هذا !,شركة توصيل,مخالفة انظمة,
"@Saudi_TGA
  
 
 @spokesman_TGA
  
 
 السادة الهيئة العامة للنقل
 يبدوا اننا بحاجة الى مزيد من الحملات التفتيشية والزيارات الميدانية المستمرة لمطارات المملكة للتأكد من تطبيق النظام وعدم عمل الكدادين.
 
 للاسف لازالوا متواجدين (في الفترات الصباحية تحديدا) وازعاجهم للمسافرين قائم وغير حضاري.",شركة توصيل,مخالفة انظمة,
"هذه مو اول مره هذه ثاني مره تطبيقات التوصيل تحذف طلبات للمناديب 
 
 اول مره 2023 من هنقرستيشن حذف 12 طلب .. وتكلمت واشتكيت وارسلت اثبات على عدد رحلاتي ولا احد سوىّ شي",شركة توصيل,سوء تعامل,
"جولات رقابية مكثفة على شركات البريد ونقل الطرود؛ لضمان كفاءة الخدمات المقدمة خلال موسم رمضان وعيد الفطر المبارك.
 
 #قرب_العيد
 #الهيئة_العامة_للنقل_TGA",شركة شحن,اخرى,
"السلام عليكم 
 @SaudiTransport
  
 
 عندي طلبية منذو الاسبوع الماضي يوم الاربعاء جاهزة في موعد التوصل و شركة التوصيل 
 ( سلس اكسبريس ) @sls_expres لم توصلها الي و كل يوم يتواصل معي مندوب التوصيل و في اخر النهار يخبرني ان الشحنة ليس ضمن نطاق توصيله و سوف يرجعها الى المستودع",شركة شحن,تأخير,
شكراً قدمت شكوى على جاهز,شركة توصيل,اخرى,
شركات ومؤسسات وحافلات نقل الركاب داخل المملكة ودول الخليج في البطحاء والعزيزية بالرياض يبيلها تنظيم وترتيب ورقابه,مركبات نقل,مخالفة انظمة,
"السلام عليكم 
 لدي شحنه رقم 34887003373
 المندوب اتصل علي و انا في الدوام من يومين و مشي و ما سلم الشحنه و للحين ما استلمتها و لا يوجد رقم تواصل و هي شحنه مكملات غذائية و نقلها و تخزينها اكثر من مره يخربها و مكتوب على الموقع ان توصيلها اليوم و ما جاني اتصال و لا توصيل",شركة شحن,تأخير,
"@MoTLS19955
  هل يوجد قائمة لشركات الشحن البري والجوي؟",شركة شحن,استفسار,
"@MyLaBaih
 
 جاتني رسالة الساعة ? العصر بأن الشحنة مع المندوب وارسلت له الموقع وانتظرته الى الساعة ? وسألته متى بتوصلها رد علي الساعة ?? بالليل يقول لي الحين!
 قلت له الحين نايمين وصلها النهار قال لا، قلت له حطها تحت الباب وانتظرته نص ساعة وارسل ولا يرد علي
 
 @SaudiTransport
  
 @Saudi_TGA",شركة شحن,تأخير,
لي شحنه شي ان لها استرجاع من شركة ايمايل,شركة شحن,اخرى,
موقع بيان توثيق الحموله متوقف ! اذا جات مخالفه على مين ؟؟؟ وكيف يتم توصيل البضائع وخي مهمه جدا هل نتوقف الى ان يتم اصلاح خلل الموقع ؟؟؟؟,منصات حكومية لوجستية,استفسار,
"@MoTLS19955
 
 عندي شكوئ علي تطبيق ايجو 
 @Ego_now
 
 معاناه معاهم ماهي اول مرره كل مرره يتعاملون معناا معاملة سيئه انا اتكلم كا شريك معهم كا كابتن
 العميل يدفع بالفيزا المبلغ الي يوصلني مختلف المبلغ المخصوم من العمميل كامل وعندي ما يثبت
 جزاه الله خير العميل عطاني رقمه وقالي تواصل معي",شركة توصيل,مشاكل مالية,
"@BoltDriverSA
  
 @Saudi_TGA
  
 ردو ي بولت تقبلون التفويض ولما اكلمكم تقلون من هيئة النقل",شركة توصيل,استفسار,
شحنت السياره سليمه من الدمام الى جازان ووصلتني بالحاله هذي ( بلف مكسور + الشكمان محكوك بالكامل من تحت + اثار السطحه الخضراء مازالت موجوده ) ومشرف الفرع المصري يقول مالناش علاقه بالمشاكل الميكانيكية.,شركة شحن,سوء تعامل,
"@Aramex_KSA
  ممكن تردون علي للضرورة
 
 
 @snbalahli
  المره الثانية قبل ما ترسلون اي بطاقة اختاروا شركة شحن تشتغل باحترافية",شركة شحن,سوء تعامل,
"السلام عليكم ورحمة الله 
 لدي عدة سيارات نقل خاص شاحنات صغيره وارغب في اصدار بطاقة تشغيل وبعد دخول طلب مني اثبات حاجه وتم تقديم على سياره واحده فقط ولا استطيع التقديم حتى يتم الانتهاء من دراسة الطلب بعد ? ايام وهذا الامر لايعقل لان توقف السياره هو توقف العمل في اي شركة",مركبات نقل,تأخير,
شحنتي للحين ماوصلتني لها اكثر من اسبوع معلقه بسبب فشلكم وتأخيركم الي كل مره طلبت من سمسا ووصلتني ونفس اليوم الي طلبت فيه من عندكم وانتو للحين ولا احد حتى تواصل معي ولا يقول وين الشحنه حقتي ياشركة ايمايل لين متى يعني؟,شركة شحن,تأخير,
"مرحبا .. أود بتقديم شكوى على شركة 
 @Aramex_KSA
  .. طلبت ارسال شحنه وتم سحب المبلغ من التطبيق لكن لم تصدر بوليصه الشحن ولم يتم التواصل معي مع العلم الموضوع أكثر من عشر ايام و راسلتهم عن طريق منصه اكس لكن لا تجاوب يذكر",شركة شحن,تأخير,
"لماذا يتهرب مندوبيكم في محافظة المندق بمنطقة الباحة عن ايصال طلبات الزبائن لمنازلهم ؟!
 طلبي اشتريته من الموقع ودفعت رسوم الشحن واصل للعنوان فيجب أن يوصلوه للعنوان .
 صورة مع التحية ل 
 @SaudiTransport",شركة شحن,سوء تعامل,
"شوفوا فشلكم أول 
 الواتساب ما أحد يرد أبدا
 شحنة (سري للغاية) لا زلت مهملة بين منظومة الإهمال التكاملية لديكم",شركة شحن,سوء تعامل,
شركة ناقل شحنه رقم 282631788 - الرجاء تغيير العنوان : إلى جدة .. ارجوكم :(,شركة شحن,اخرى,
بقدم شكوى على شركة الشحن طلبيتي استلامها من اسبوع الى الان ما سلموها كل يوم يجدولونها على اليوم الثاني او يرسل المندوب اخر الليل مماطليني لهم اسبوع جدولوها على امس ولا طلعت من المستودع واليوم نفس الشي ابى حل معهم,شركة شحن,تأخير,
"@SaudiTransport
  
 
 @MCgovSA
 
 السلام عليكم 
 حاب اشتكي على شركة تأجير السيارات 
 @Shiftinc_KSA
  
 لي اكثر من شهر ونص وهما معطليني ومماطله ولا كانه فيه شي او فيه نظام يمنع المماطلات هذي ويحمي حق المستهلك.
 وكل مره الاسبوع الجاي بتنحل وعلى هذا الموال.
 ارجوا افادتي بالجهة المعنية لرفع الشكوى.",تأجير,تأخير,
نرجو حل مشكلتنا مع هذه الشركة السيئة ورقمها المغلق وعدم الرد على العملاء بالخاص وتأخير الشحنات,شركة شحن,تأخير,
تم التواصل مع فريق دعم تطبيق بولت وتم الرد بانه تم تعطيل الحساب عن طريق هيئة النقل,شركة توصيل,اخرى,
تأخير طويل في وصول سيارة أوبر مما تسبب في تأخري لموعد هام.,شركة توصيل,تأخير,
طلبت من بارنز وحاطين عرض التوصيل 9 ريال كحد ادنى للطلبات بمبلغ 49 ريال وانا طالبه 54 ريال لمن أتممت الطلب التوصيل طلع ب 17 ريال اتواصلت مع خدمة العملاء قالولي للاسف مانقدر نفيدك لان الموقع بعيد عن بيتك وانا حول بيتي 3 فروع وأكثر يعني كمان القهوة بتوصل بارده,شركة توصيل,مشاكل مالية,
"بالطايف اشوف الحافلات الترددية و حزت بخاطري انها فاضية و الشعب وانا اولهم باقي ماصارت عندنا ثقافة الحافلات الترددية ، جات لي فكرة 
 ليه ما نسوي تطبيق يكون فيه المواعيد مثل موعد وصول الحافلة يجيني اشعار و التوجهات من و الى ، ممكن راح نستوعب الثقافة 
 نحتاج وقت نستوعب
 
 @SaudiTransport",مركبات نقل,اخرى,
"@MCgovSA
  
 @SaudiTransport
  يجب أن تتدخلو لنظر في شكاوينا المملكه حفظها الله متجهه إلى قفزه نوعية و 
 @iMile_KSA
  لا تواكب هذا التطور الي نفتخر به لا يرون على الاتصال مندوبهم لا يعرف عربي ولا انقليزي و غير محترم",شركة شحن,سوء تعامل,
"لليوم ?? ومازلتم تواصلون الاهمال 
 
 @SaudiTransport",غير محدد,سوء تعامل,
"@TGA_CARE
  
 @Saudi_TGA
  صباح الخير الهيئة العامة للنقل ابي اشتكي أرامكس 
 @Aramex_KSA
  كيف الطريقة ؟",شركة شحن,استفسار,
"افشل تطبيق ما يتجاوبون ولا يردون على الاتصالات ولا الايميل ولا حتى الواتس ويسحبون من حسابك اكثر من قيمة الرحلة عيني عينك وحتى الجهات الحكومية اللي مفروض تكون مرجعية ما يتجاوبون وسيتم الرفع لجهات اكبر 
 @Saudi_TGA",شركة توصيل,مشاكل مالية,
"@SaudiTransport
  
 @MCgovSA
  
 @mcgovsa_care
  
 السلام عليكم ورحمة الله وبركاته 
  ياليت تتم محاسبتهم على الاهمال ومحاسبة المسؤل عن ترتيب الشحنات وارسالها وحتى مناديبهم 
 رفعت شكوى ولم تتم حل المشكله 
 المندوب رافض يوصل الطلب ويقول المندوب الي قبلي كان في موقعك ليش ما وصلها واشتكي .",شركة شحن,سوء تعامل,
"حرصًا على تكامل الخدمات المقدمة في منظومة النقل والخدمات اللوجستية، يستقبل مركز خدمة المستفيدين الطلبات التي لم يتم معالجتها من قبل قطاعات المنظومة.",منصات حكومية لوجستية,اخرى,
"هل من المعقول أن شحنة لي مع فيدكس من شهرين ماعليها أي تحديث مع أن لي فوق العشرين مكالمة معهم عشان يفيدوني؟ وهل من المعقول أن شركة الشحن ماتزود بالبيان الجمركي؟ 
 
 
 @Saudi_TGA
 
 
 @TGA_CARE
  
 
 
 @SaudiTransport
  
 
 @MoTLS19955",شركة شحن,تأخير,
"تم رفض تسليم الطلبية من تطبيق هنقرستيشن بدون سبب مقنع، ولم يتم تقديم حلاً مناسبًا من الشركة.",شركة توصيل,سوء تعامل,
"صبر بس راح يسمحون للاجانب يشتغلون بالتوصيل، ابناء البلد دايم محاربين برزقهم",شركة توصيل,اخرى,
"ما شاء الله حريص على توصيل الطلب
 عندنا يرسل لك مندوب مخالف لنظام العمل يقول لك أنا جنب المحكمة وطلبك عندي وانا موجود لين المغرب
 بادر باستلام طلبك قبل إرجاعه
 تروح تلقى طلبك تحت الشمس في سيارة خاصة
 تشتكي 
 @SaudiTransport
  وزارة النقل يقول لك قدم شكوى للشركة الناقلة
 ويا ليل ما اطولك",شركة شحن,سوء تعامل,
"@MOISaudiArabia
  
 @SaudiTransport
  
 @MCgovSA
  
 @nazaha_gov_sa
  
 
 عندما اجد الاجنبي يعمل في تطبيقات النقل بإسم سعودى 
 والتطبيقات صامته 
 و لاحسيب ولارقيب
 وغيرها من الاعمال
 
 وانا المواطن اعمل وفق الأنظمة والقوانين 
 
 بدات أفكر في مخالفة النظام واوافرجهد وأكسب مال اكثر",شركة توصيل,مخالفة انظمة,
"السلام عليكم ورحمة الله وبركاته 
 لو تكرمتم.
 يتم تداول هذه الصوره على إنه يتم مخالفة الشاحنات المنقولة عبر الرصد الالي.. هل هذا صحيح",مركبات نقل,استفسار,
"@TGA_CARE
  ترا 
 @HungerStation
  جايبين العيد بالطلبات تابعو ردود الناس عليهم",شركة توصيل,سوء تعامل,
"كأول مشروع في المملكة يتضمن حافلات كهربائية صديقة للبيئة وبنسبة 25%..
 سمو أمير منطقة تبوك يرعى توقيع عقد مشروع النقل العام بالحافلات.
 
 #الهيئة_العامة_للنقل_TGA",مركبات نقل,اخرى,
"@SPL_CARE
  لتغيير رقم جوال المنشأة في سبل لازم انتظر على الجوال الى ان يتم التواصل معي والان اكثر من 4 ايام ولم يتم التواصل معي ارجو حل الموضوع 
 1004883640 رقم الطلب
 
 
 @SPL_KSA_online
  
 @McitGovSa
  
 @aalswaha",شركة شحن,تأخير,
"@MoTLS19955
  الشركة المستلمة للصيانة طريق المدينة المنورة محافظة العلا لا تعمل صيانة لهذا الطريق ورفعت اكثر من شكوى عن طريق رقم الموحد ولا يوجد أي تفاعل أرجو النظر في هذا الطريق حيث فيه كثير من الحفريات والطريق متهالك",منصات حكومية لوجستية,سوء تعامل,
"معالي : 
 @SalehAlJasser
  
 سعادة : 
 @AhmedSAlhassan
  
 السادة : 
 @SaudiTransport
  
 
 هذا طريق رئيسي يربط طريق الهجرة بمحافظة #وادي_الفرع ، يعاني من تشققات ، وتكسير ، وحفر ، وضعف في وسائل السلامة ، على الرغم من مرور مئات المركبات معه يومياً من بينها مركبات الخدمات ، ويحتاج وقفه صارمة منكم",غير محدد,اخرى,
"@TGA_CARE
  
 @HungerStation
  تم منع حسابي في هنقرستيشن بدون سبب وبدون وجه حق رغم اني مشتركه بالتطبيق ويوميًا اطلب منهم ولما قرب ينتهي اشتراكي منعوني من الطلب اريد تقديم شكوى ضدهم واخذ حقي ترانا بالسعودية دولة حق ماراح يضيع حقي فاهمين!!!",شركة توصيل,سوء تعامل,
"@NaqelExpr
  
 يوم كامل انتظر الارسالية لان المندوب ارسل لي انه سيأتي ، وكلما تواصلت معه قال في الطريق ، ارسلت له الموقع للتأكيد إلا أنه للأسف لم يفي بوعده وأتمنى أن يوصلها يوم غد.",شركة شحن,تأخير,
"لي اكثر من اسبوع وشحنتي عندهم وكل يوم يتغير مندوب وللان ماوصلتني ، يوميا اتواصل معهم ويتم الرد بأنه تم رفع طلب توصيل لكن محد تواصل معي اخر كم يوم ، الشحنة فيها ميكب وممكن انه يتلف مع التخزين وش الحل",شركة شحن,تأخير,
"@TGA_CARE
  هل من حق مندوب شركة الشحن الطلب من العميل الحضور الى موقع هو يختاره ويرفض ايصال الشحنة لموقع العميل المسجل
 
 @GFS_Care",شركة شحن,سوء تعامل,
"اسوأ تطبيق توصيل فالسعودية لايوجد خدمة عملاء.
 كتبت اسم مطعم قريب من مكان التوصيل حقي والاخوان حاطين لي ابعد فرع يبعد ?? كيلو، كلمت السواق يكنسل لي الطلب لان لايوجد خيار اكنسل الطلب ولم يتم الغاء الطلب حرام يخلون خيار توصيل ?? كيلو لم ينظروا حتى الى الى خطوتهم الكربونيه",شركة توصيل,سوء تعامل,
"وبعدين معاكم ومع الشحنات اللي ما تدرون وينها ؟ 
 
 إلى متى ؟",شركة شحن,فقدان,
"@Uber_KSA
  لوسمحتي انا طلبت اوبر وجاني كابتن وكل مره يحط PINخطأ ومشى هو ووداني الرحله 
 تفاجأت جاني كابتن ثاني! واخذتو مني رسوم رحلتين ورسوم الغاء!!!! 
 مو منطقي الحركه ذي ولا فيه تواصل بخدمة العملاء بالتطبيق ارجو التواصل والتجاوب والحل !!!!!!! 
 @Saudi_TGA",شركة توصيل,مشاكل مالية,
"@Saudi_TGA
  هيئة النقل شوفو حل مع ناقل مو راضين يجيبون شحنتي و قاعدين يكذبون علي كل شوي",شركة شحن,تأخير,
ايش الحل مع شركات التوصيل دافع رسوم التوصيل والمندوب رافض يوصل الطلب لي يقول تعال لي,شركة شحن,سوء تعامل,
"شركة التوصيل هذي لي يومين ابي ارفع شكوى ضد مندوبهم بسبب عدم توصيل الطلبيه وهي معه و ادق عليه يقفل بوجهي دايم و ما يعطيني اجابه واضحه كل يوم يقول بكره غير عن اسلوبه الفض! وهم ما يردون على الشكاوي ولا يردون على اي وسيله لخدمة العملاء ! ، طلبياتنا بفلوس ماهي ببلاش!",شركة شحن,سوء تعامل,
ذا كلام المندوب واذا تواصلت مع الشركة يبلغوني انه تم رفع شكوى ولا يوجد حل للتسيب واللعب على الاوادم,شركة شحن,سوء تعامل,
طيب ببلغ على اجنبي مايعرف يسوق ويشتغل بالتوصيل,شركة توصيل,مخالفة انظمة,
ابي اسجل بمنصه وصل كيف الطريقه انا كابتن بوصليني,شركة توصيل,استفسار,
شحنتي وينها من يوم ?? وانتم لاعبين فيني والحل يعني,شركة شحن,تأخير,
"تعزيزًا للتكامل بين مراكز خدمة المستفيدين بمنظومة النقل والخدمات اللوجستية، استقبل مركز خدمة المستفيدين أكثر من 22 ألف استفسار وطلب واقتراح عبر قنوات التواصل الرسمية، خلال النصف الأول لعام 2024م.",منصات حكومية لوجستية,اخرى,
"تأخرت رحلتي مع تطبيق جيني لمدة أكثر من ساعتين دون أي تفسير مقنع أو اعتذار من الشركة، مما أثر سلبًا على خططي.",شركة توصيل,تأخير,
"السلام عليكم 
 لوسمحتو عندي مشكله مع شركة شحن",شركة شحن,استفسار,
رفعت شكوى ع شركة جاهز ورديتوا علي انكم تواصلتوا معهم وبيرجعون المبلغ خلال 15 يوم عمل راح اكثر من 27 يوم عمل ولا رجع المبلغ ولا تواصلوا معي جاهز,شركة توصيل,مشاكل مالية,
طلبت طلبيه من نهاية شبعان كل يوم يدق علي مندوب ولا يوصل الطلبيه حقي أرجو منكم الرد وهذا رقم الطبيه حقي 277313281,شركة شحن,تأخير,
"السلام عليكم، ناقل لي عندهم طلبية والمندوب مايوصل ولا يرد وخدمة العملاء ماترد",شركة شحن,سوء تعامل,
"هل تم إلغاء استخدام العنوان المختصر في توصيل الشحنات؟
 لم اجد شركة اوصلت شحنة لي تستخدم العنوان المختصر
 كلهم .. ارسل رابط الموقع . ارسل رابط الموقع 
 واذا ارسلت لهم العنوان المختصر المكتوب بعنوان الشحن ...
  لا تصل الشحنة . يطنشونك نهائي . ولا يعترفون فيك ويتم إرجاع الشحنة للبائع",شركة شحن,سوء تعامل,
يوجد بطء وتأخر في انجاز اجزاء من المشروع اهمال جانب فتح المخارج بعد الانتهاء من تنفيذها,منصات حكومية لوجستية,تأخير,
"تمت مشاركة المطلوب في حينه معكم وللاسف تكرر منكم نفس اللامبلاة ولابد نشتكى على 
 
 @MoTLS19955
  وكذلك 
 @SaudiTransport
  عشان يطلعون حقوقنا",غير محدد,سوء تعامل,
"معالي وزير النقل والخدمات اللوجستية:
 إن انعقاد #المنتدى_العالمي_للمدن_الذكية يعد مؤشراً على الحضور الكبير الذي تعيشه المملكة في كافة المحافل
 #حياة_أجود",منصات حكومية لوجستية,اخرى,
  اي اقرب وقت وانتم صار لكم ? ساعات مارديتوا على الخاص!,غير محدد,تأخير,
"عطيكم العافيه عندي طلبيه مختار موقع الاستلام التميمي حي القصور، ووقت الاستلام بلغوني بانه تم الغاء العقد مع ارامكس من قبل اكثر من اسبوعين والان الشحنه في الخالديه وهذا الشي انا ما اخترته وابغى الشحنه تجيني توصيل مابغى استلم من فرعكم في الخالديه لسوء اسلوب موظفينكم",شركة شحن,سوء تعامل,
"@Ninjaappksa
  مشغلينا اعلانات على توصيل المطاعم صيروا قد اعلاناتكم 
 اطلب ويخصم المبلغ ولا يتم قبول الطلب .. وخدمة العملاء ماترد !! 
 
 نص ساعه بانتظار قبول المطعم 
 الغوه ورجعوا الفلوس 
 
 @CST_KSA",شركة توصيل,تأخير,
شحنتي صار لها 3 ايام وصلت الدمام وارمكس ما وصلتها,شركة شحن,تأخير,
"@Ninjaappksa
  
 @Saudi_TGA
  ياسعادة الوزير هذا التطبيق لايحترم العميل ويأخذ الفلوس ولا يرجعه لعميل شوف لنا حل معهم",شركة توصيل,مشاكل مالية,
"كاتبين الحد الأدني للطلب ?? ريال يكون التوصيل ب ? ريال 
 طلبي تعدا الحد الاداني ليش حاطين التوصيل بـ??
 هل هي عروض وهميه!!!!!!؟؟؟؟؟",شركة توصيل,مشاكل مالية,
"لقد تم تحميل رسوم زائدة على فاتورة رحلتي مع جيني دون سبب واضح، ولا يوجد تفسير مناسب من الشركة.",شركة توصيل,مشاكل مالية,
عندي استفسار التطبيق اللي يحط عباره توصيل الطلبات خلال ?? دقيقه وبكل اعلان يقول نفس الجمله واذا طلبت منه دايم التوصيل يتأخر وش المفروض يكون الاجراء ؟ مو هذا يعتبر تدليس وغش لما يضمنون الدفع يسحبون عليك واذا كلمت خدمه العملاء ردهم نعتذر ! وش استفيد من الاعتذار,شركة توصيل,تأخير,
"تم تأخير وصول السائق المخصص من تطبيق كريم لأكثر من ساعة، مما تسبب في تأخري لموعدي العمل المهم.",شركة توصيل,تأخير,
"@SaudiTransport
  
 
 @nazaha_gov_sa
  
 
 @NTSC_KSA
  
 
 أحب اعرفكم على بولت 
 سعودي رافض صورته يقول مو انت 
 
 بينما المتستر بأسم ابراهيم قابله 
 سؤال كيف قدر يمرر مسح الوجه ؟!",شركة توصيل,مخالفة انظمة,
تستر المواطن السعودي على العامل الاجنبي سوى على كفالته او بمقابل مالي من اسباب انتشار الظاهره,شركة توصيل,مخالفة انظمة,
"شحنتي عطور مشحونه عن طريق سمسا مرت 5 مدن سعودية عن طريق الخطا وخلال 7 ايام مع العلم ان العنوان واضح والمتجر داخل السعودية . 
 اطلب تعويض لان العطور تلفت بالحر. 
 رقم الشكوى لدي شركة النقل : 4506990
 
 @smsacare
  
 
 @SMSA
  
 
 @TGA_CARE
  
 
 @Saudi_TGA",شركة شحن,تأخير,
"@TGA_CARE
  
 @BoltDriverSA
 
 هل هذا يعقل شركة بكبره تسوي حظر لعملائه بتوتر",شركة توصيل,سوء تعامل,
"@CareemKSA
  يعني ايش اطلب سيارة من عندكم وتوصل السيارة والشخص اللي فيها أجنبي ومختلف وماهو الشخص السعودي اللي موجود اسمه وصورته في التطبيق انتوا ما تتابعون السيارات المسجلة عندكم ؟ سلامة الناس تعني لكم شئ ؟ 
 
 @MOISaudiArabia
  
 @SaudiTransport
  
 
 @mcgovsa_care
  
 
 @nazaha_gov_sa",شركة توصيل,مخالفة انظمة,
"ايش الفايدة اني افع حق التوصيل
 وبعدين ادفع حق البنزين
 واروح لكم مدينة ثاني لفرعكم
 
 باقي وجهه اخيره ما وصلتوها تحت ..
 والله لن اذهب لفرعكم في مدينة ثانية وفي الفاتورة ندفع حق التوصيل.
 تبغون ادفع حق التوصيل وحق البنزين!!!!!!!!!؟",شركة شحن,مشاكل مالية,
"تم رفض تسليم الطلبية من تطبيق هنقرستيشن دون سبب مقنع، مما تسبب في إضاعة وقتي وتأخير وجبتي.",شركة توصيل,تأخير,
"ياخي مايصير اوبر وبولت وكيان يرفضون سيارتي افيو ٢٠١٧ مو القرار من مديل ٢٠١٥ شفو لنا حل ياوزارة النقل التطبيقات متطبق قراركم ياخي بترزق الله ومانعين سيارتي تدخل وانا سيارتي ماشاءالله جديده ونظيفه 
 @SaudiTransport
  
 @Kaiian_KSA
  
 @BaderAljeathen
  
 @Uber_KSA
  
 @Boltksa",شركة توصيل,سوء تعامل,
"@jtexpressme
  
 تعامل زي الزفت ادفع حق البوليصه كتاجر وتمر ٣ ايام ولا مندوب ولا احد يتواصل معاي !!! ليش تخسرونا!!!!",شركة شحن,مشاكل مالية,
"الغريب أنه حتى مافيه خيار تقديم شكوى عند شركة النقل التعيسة هذي 
 @Aramex_KSA
  
 لا في رقم 800 ولا في موقعهم
 والنظام يطلب منك لتصعيد الشكوى ان تقدم شكوى لدى الشركة. 
 
 @Saudi_TGA
  
 اذا كان هذا هو الاجراء؟ أليس من المفروض أن يكون خيار رفع الشكوى ظاهر وسهل وقابل للوصول بدون عناء؟",شركة شحن,سوء تعامل,
"@MoTLS19955
  السلام عليكم ودي اقدم شكوى ضد مكتب تأجير سيارات ( شركة عربة النور ) لعدم اعطائي الفاتوره الضريبية بعد إرجاع السياره",تأجير,مخالفة انظمة,
"@SaudiTransport
  السلام عليكم التطبيق ذا جايبلي سائق غير محترم وتواصلت من العصر مافي اي استجابه ياريت تشوفون شغله معهم",شركة توصيل,سوء تعامل,
وزارة النقل يتم الرد و الكتابه انه تم الرد على الخاص ولكن يتم الرد برسالة إلكترونية ولا لها اي فائدة ولا يتم التعامل مع مواضيعنا و ان كانت ? ريال ليست من حقكم اخذها اريد استرجاعها,منصات حكومية لوجستية,مشاكل مالية,
"اقسم بالله الشركة الوحدة الى اعاني منها
 كل شركات الشحن توصل الشحنات و مناديبهم محترمين 
 ارامكس - سمسا - ناقل - GFS - DHL - نون - امازون
 
 ماعدا #ايمايل نعاني من المناديب
 مايوصل الشحنة
 مايرد واتساب
 مايرد اتصال
 يرسل اول مايستلم الشحنة من المستودع يرسل ثم ماعاد يرد
 يماطل",شركة شحن,سوء تعامل,
"السلام عليكم ورحمه الله وبركاته
 المركبة بكب نصف نقل هل يشملها الرصد الالي 
 نرجو التوضيح وشكرا لكم",مركبات نقل,استفسار,
"ياليت على الواقع يا هيئة النقل خدمتكم كما تكتبون لكن مع الأسف تكتبون خلاف ما تفعلون 
 
 
 @Saudi_TGA",منصات حكومية لوجستية,سوء تعامل,
ياارمكس خافو الله طلبيتي من 1 أبريل لين اليوم وماارسلتوها,شركة شحن,تأخير,
"حسبي الله على مناديب #شركة_سمسا #سمسا عندهم لي شحنة والمندوب يماطل بالتوصيل واني انا ما رديت عليه خلال يومين ! الله لايوفقه والشركة ماعندهم اي احترافية بالعمل 
 @SMSA
  ومافيه رقم للتواصل مع المندوب واصلا ماوصلني منه اي اتصال واتحداه يثبت 
 @SaudiTransport",شركة شحن,تأخير,
"تم تسليم طرد متضرر وغير صالح للاستخدام من قبل تطبيق مرسول، ولا يوجد مسار واضح لتقديم شكوى واسترداد.",شركة شحن,سوء تعامل,
"السلام عليكم ورحمةالله
 الى متى نعاني من مندوبين التوصيل رغم انا ندفع لتوصيل الطلبية 
 يتواصل معانا مندوب التوصيل
  انا متواجد في المكان الفلاني تعال خذ طلبيتك وفوق هذا اذا كنت بتدفع عشان استلام الطلبية يفيدك بعدم وجود شبكة
 
 @mcgovsa_care
  
 
 @TGA_CARE
 
 
 @NaqelCare
  
 
 @AmazonKSA",شركة شحن,سوء تعامل,
"خدمات شحن سريعة تربط العالم ببابك !..
 
 #GFS_Express",شركة شحن,اخرى,
تم استلام طرد متضرر ومكسور بشكل كبير من قبل شركة الشحن أرامكس دون تعويض عن الأضرار.,شركة شحن,سوء تعامل,
"السلام عليكم 
 عندي سياره تكسي نقل عام باسمي وابغي اصقط السياره نهائي وش الاجراء",شركة توصيل,استفسار,
"هذا تطبيق مرسول هذي ثاني مره يسوون هذي الحركه، يكتب في التطبيق التوصيل بـ5 بعد وضع المنتجات المطلوبه تكتشف ان سعر التوصيل اضعاف عن المذكور في الصفحه الرئيسيه
 
 المطعم المقصود بيت اللقيمات
 سعر التوصيل مكتوب 5 ريال ولكن ااخدعه توصلك بعد إرسال الطلب",شركة توصيل,مشاكل مالية,
واجب على الوزاره للنقل النظرر بالموضوع,منصات حكومية لوجستية,اخرى,
"
  تحية طيبة 
 هل انتم الجهة المسؤولة عن تطبيقات توصيل المطاعم وتطبيقات توصيل الركاب",منصات حكومية لوجستية,استفسار,
"@CST_KSA
  
 @noon_cares
  
 @noon
  ماقدرت اقدم شكوى لكم لان موظفين نون رفضو يرفعون لي شكوى بخصوص التوصيل تم التاكيد من قبلهم بان اذا تم الدفع زياده راح يوصل الطلب اليوم 
 اتفاجئ اليوم بان التوصيل بياخذ 3 ايام عمل 
 اتمنى منكم المساعده",شركة شحن,تأخير,
"تأخرت شحنتي لمدة طويلة جدًا دون أي توضيح من شركة سمسا، مما أثر سلبًا على جدولي اليومي وعملي.",شركة شحن,تأخير,
"معقول اني فقط أحجز رحله عن طريق تجربة ويتم سحب مني المبلغ واجبار الراكب والسائق على تحمل المشوار؟وفق ذلك مافيه خدمة عملاء ويسحب منك المبلغ ويجبر السائق على اكمال الرحله
 والغريب ان البنك يسمح لتطبيق بسحب المبلغ",شركة توصيل,مشاكل مالية,
"الاخوة الكرام بوزارة النقل 
 @SaudiTransport
  أريد تقديم شكوى ضد شركة ارامكس 
 @Aramex_KSA
  
 @Aramex
  اسبوع من العذاب لاستلام شحنه ولم يتم استلامها إلى الان
 خدمة عملاء فاشلة يوميا اتصالات وانتظار بال 30 و 40 دقيقة ولا فائدة وحتى المحادثات ساعتان من الانتظار بدون رد
 يتبع ..",شركة شحن,تأخير,
"تعرضت لتأخير كبير في استلام طرد من خدمة تويو، مما أثر سلبًا على خططي اليومية وترتيباتي.",شركة شحن,تأخير,
"طريق #عفيف_مهدالذهب كارثي كارثي بما تعنيه الكلمه وغير صالح للسفر 
 خافوا الله في ارواح الناس الطريق مهمل وبدون صيانه 
 خصوصا بمنتصف الطريق 
 
 
 @SaudiTransport
  
 @SalehAlJasser",منصات حكومية لوجستية,اخرى,
شوفو لنا حل معاهم شحناتنا مايبون يوصلونها ولا يردون علينا ولا هو ناوين يتجاوبونن,شركة شحن,تأخير,
"الاعزاء في 
 @CareemKSA
  
 @CareemCare
  
 '
 تكرر عند الطلب من تطبيقكم الكابتن المسجل سعودي الجنسية وعند وصول السيارة نفسها يكون عامل أجنبي مخالف للاسم المسجل والصورة وهالشيء تكرر وعندي ما يثبت 
 '
 هل هذا الشيء نظامي وقانوني ؟ 
 @SaudiTransport",شركة توصيل,مخالفة انظمة,
"تعرضت لتأخير كبير في توصيل الطلبية من تطبيق مرسول، مما تسبب في تأثير سلبي على تجربتي كمستهلك.",شركة توصيل,تأخير,
وش صار معك هل تم التجاوب ؟ نفس مشكلتي لان الشركة سمسا,شركة شحن,استفسار,
"#صباح_الخير_والسعاده_للجميع
 تكفّون وصلوا صوتي 
 كل يوم نفس الرد في تويتر وإلا بالاتصال والموضوع أصلا خمس دقائق ماياخذ عطلو مصالحي 
 @SaudiTransport
  
 @MCgovSA
  
 @SAMA_GOV
  
 @YeloDrive",شركة توصيل,سوء تعامل,
ارمكس رقمهم مفصول ولا نقدر نتواصل مع خدمة العملاء .,شركة شحن,سوء تعامل,
"تم إلغاء رحلتي مع تطبيق أوبر بدون أي تنبيه مسبق أو تفسير مقنع، مما تسبب في إضاعة وقتي وإزعاجي الكبير.",شركة توصيل,سوء تعامل,
وش ذي الشركه الي ما فيها احد صاحي عندي طلب استرجاع لها اسبوعين عندي ويرسلون لي الشركه وما يجي المندوب احاول اقدم شكوا موقعهم زباله ومافي تجاوب,شركة شحن,تأخير,
"@TGA_CARE
  
 
 الاخوة في هيئة النقل
 هل خدمة تركيب اللوحة المعدنية للعنوان الوطني حصرية على SPL ؟ هل هناك بدائل اخرى خصوصا اننا نعاني من سوء خدمات SPL . طلبت الخدمة ودفعت وانتظرت ١٦ يوم بدون اي تواصل منهم وعند الاتصال بهم افادو بان الطلب ملغي! بدون اي اشعار للعميل او استرداد للمبلغ",شركة شحن,سوء تعامل,
" 
 
 @Uber_KSA
 
 
 @CareemKSA
 
 
 @SaudiTransport
 
 C321م",شركة توصيل,اخرى,
يجب منع تطبيقات توصيل الركاب من استغلال السائقين والتلاعب بحقوقهم يجب الزام الشركات بتحول حق السائق في مشوار الفيزا الى السائق مباشرة بعد الرحلة اما هذا الاستنزاف يتحول لك المبلغ بعد اسبوع هذا امر غير مقبول يجب ان تتدخل وزارة النقل ومنع هذا التلاعب,شركة توصيل,مشاكل مالية,
"لدي اقتراحات لوزير النقل قد يضاعف الدخل العام للدوله ويزيد من فرص العمل ويحد من الكثير من المشاكل اللوجستية للنقل البري ولم استطيع ايصال صوتي اليكم
 
 @SaudiVision2030",منصات حكومية لوجستية,اخرى,
"تأخرت رحلتي مع مرسول بسبب عدم التزام السائق بالمسار المحدد، مما أثر سلبًا على جدولي اليومي ومواعيدي.",شركة توصيل,سوء تعامل,
"اسوء تجاوب واسوء توصيل 
 مرسل شحنة عند طريق زاجل بتاريخ ????/??/? ثم استلموتها انتم برقم CRDSAL1207192624 
 والى الان لم تصل الشحنة لوجهتها المطلوب مايقارب شهر كامل !!!!!",شركة شحن,تأخير,
"@NAMSHI_KSA
  تعامل المندوب سئ جداً شركه جيتي له اسبوعين معاه طلبيتي ورافض يسلمها لي وتم رفع شكوى واارسلت شركة نمشي لي رصالع نصيه الساعه 5:22صباحاً رقم مندوب يوصل طلبي واتصل عليه قال صاحب الرقم انا ما اوصل واصلاً مو مندوب حاطين الرقم خطاء 
 وتجيني رساله الساعه 12 الليل انه تم",شركة شحن,سوء تعامل,
شركة تعبانه ومناديبهم يرفضون يسلمون لك الشحنة يحددون لهم موقع وانت بنفسك تجي تستلمها وش له يوم ندفع قيمة التوصيل وانتم ما توصلون بالله هذا منظر الزباين يجون عند المندوب ويتسلمون منه الطلبيه,شركة شحن,سوء تعامل,
السلام عليكم ورحمة الله وبركاته ابي اعرف وش الشركات اللي مشمولة بالدعم الحكومي لتوصيل الطلبات,شركة توصيل,استفسار,
السلام عليكم ياليت تشوفون لنا حل مع شركة أيمايل شحنتي لها 15يوم ولا زال التحديث بالتخليص الجمركي هذا استهتار بالعميل اتمنى يكون لكم وقفه مع هالشركه نبي شحناتنا ولا يلغونه ونشوف لنا مكان قاني نطلب منه .,شركة شحن,تأخير,
"السلام عليكم
 عندي شكوى على عامل التوصيل في كارفور دق علي وكنت اصلي ولاانتظر عشر دقايق وراح وما وصليني طلبي ولما رجعت اتصلت فيه تكلم معي بلغته ومدري وش قال وقفل
 وبالاخير ينلغى طلبي وانا دافعه على اي اساس؟
 هذا غير اني مافهمت كلامه هو يقول يفهمني او يهاوش!",شركة توصيل,سوء تعامل,
احتاج اعرف رقم المعامله فقط لاني مرسلها عن طريق البريد السعودي,شركة شحن,استفسار,
وش احسن تطبيق توصيل ذبايح بلدي او مستورد تعاملتوا معه؟,شركة توصيل,استفسار,
"@MoTLS19955
  السلام عليكم فيه شركة توصيل اسمها بوسطه شحنتي معهم لها اسبوع كلمني المندوب مره بعدها قفل ولا عاد اتصل وكل يوم يقولون بيوصولنها ولا احد يتصل علي",شركة توصيل,تأخير,
"@Saudi_TGA
  
 
 السلام عليكم ..
 
 عندي شحنه مع شركة الشحن 
 @AJEXMena
  
 من يوم الخميس المندوب مكلمني الساعة9 الصباح ولا تم توصيلها الى اليوم .. 
 
 وشكرا مقدماً..",شركة شحن,تأخير,
"@smsacare
  
 ياخي انتو صاحين و الا مهابيل شحنتي الله اكبر عليكم طالبه توصيلها للطايف 
 
 جت من الرياض للطايف و رجعتوها مباشره لجده و رفعت شكوى ترجع للطايف و شحنتوها لخميس مشيط انتو صاحين !!!
 
 
 @mcgovsa_care
  
 
 @SaudiTransport",شركة شحن,سوء تعامل,
"هذا رابع مندوب من عندكم يتواصل معي على الواتساب ويقول انه بيوصل الشحنة وما وصلني شي!!!!
 
 @Saudi_TGA
  شوفوا لنا حل مع ذي الشركات التي تشتغل بدون احترافية",شركة شحن,تأخير,
"تم إلغاء رحلتي مع جيني في اللحظة الأخيرة دون أي تنبيه مسبق، ولم يتم تقديم بديل أو تعويض عن الإزعاج.",شركة توصيل,سوء تعامل,
"شركة iMile فيه مره وصلت لكم شُحنة بدون مشاكل؟ 
 
 اسوء خدمة عملاء
 اسوء مناديب بالمعاملة
 الشحنة تطلع روحك وماتوصلك
 
 ليه العميل مايقدر يحدد شركة الشحن بنفسه ولو بسعر أعلى",شركة شحن,سوء تعامل,
"كيف طريقة تقديم بلاغ على تطبيق توصيل ركاب ، لم اجد الخيار المناسب في تطبيق بلاغ تجاري",شركة توصيل,استفسار,
"@MoTLS19955
  
 
 ياجماعة شركة أرامكس تسرح وتمرح بدون حسيب ولا رقيب. ضيعونا بطريقتهم هذه",شركة شحن,اخرى,
شحنتي اختفت,شركة شحن,فقدان,
"@TGA_CARE
  رخصه قياده نقل خفيف 
 طلع لنا في النظام بطاقه سائق موقته لثلاثه اشهر ولكن بعد ال الثلاثه الأشهر لا نستطيع تجديدها",مركبات نقل,استفسار,
"@mrmandoobapp
  
 يعني الواحد مو حده على هالشغلة الا لقمة العيش الصعبة
 عميل طلب واشتريت طلبه من فلوسي 
 ورحت له للبيت، ومايرد لا اتصال ولا رسايل التطبيق
 اقوم انا اتحمل كل شئ
 ولما اطلب فلوسي منكم تقولي لقد تم انتهاك سياسة التطبيق من قبلك؟؟؟؟؟؟؟؟
 
 
 @mcgovsa_care
  
 @SaudiTransport",شركة توصيل,مشاكل مالية,
"@JeenyKSA
  تسوقونها علينا انتم؟؟ مافيه تواصل نهائي مع العملاء!!!!! لا عن طريق التطبيق ولا بالخاص ولا حاجة! ينخصم علي مبلغ من المحفظة عشان مشاكل تقنية بتطبيقكم ليه؟؟",شركة توصيل,مشاكل مالية,
"لم يتم التزام سائق تطبيق بولت بالمسار المحدد، مما تسبب في التأخير الكبير لموعدي الهام.",شركة توصيل,تأخير,
"S0001507426
 الشحنة وين !؟ تطلع للتوصيل وترجع للمستودع
 اتصال اكثر من ربع ساعة ع خدمة العملاء ويقولك مشغولين بخدمة عملاء اخرين
 - تواصل بالخاص ومحد يتجاوب ..!!! وش الحل معهم",شركة شحن,تأخير,
"@Uber_KSA
  
 
 @SaudiTransport
  
 استهتار كابتن من اوبر واضاعة وقت كان محسوب عليه ضيعلي فرصة عمل غاليه عليه 
 وقلت اهتمام من اوبر في خدمة عملاء لهم وعدم وجود رقم للتواصل مع خدمة العملاء 
 مين راح يعوضني الي ضاع ومين ياخذ حقي من وقفت الشمس الي وقفتها احتاج تواصل ماراح اسامح الكابتن",شركة توصيل,تأخير,
حقيقي سيئة شركة الشحن هذي حاطة المدينة ورسلو الشحنة الرياض ويرسلون اني اروح استلمها ؟ عشان اخذ طلبيتي يبغوني اسافر لها شهالغباء,شركة شحن,سوء تعامل,
"@SaudiTransport
  
 شوفو لنا حل مع شركة ناقل موقعهم وخدمة عملاء ومناديب توصيل سيئين 
 شحنه لها 5 ايام في المستودع .. ليه ماتوصلونها",شركة شحن,تأخير,
"@Uber_KSA
  
 @TGA_CARE
  أوبر ترفض مستند صورة الاستمارة رغم أنني مفوض على المركبة",شركة توصيل,اخرى,
"@SalehAlJasser
  مصيبه عدم التفتيش اليومي من وزاره النقل 
 @NTSC_KSA
  
 @nazaha_gov_sa",منصات حكومية لوجستية,مخالفة انظمة,
"@jtexpressme
  اتمنى انه يكون في اهتمام و مصداقيه في العمل اتواصل مع خدمة العملاء تقول طلعت من دبي و المصدر يقول طلعت من تاريخ 2024/8/24 والى اليوم (27) ماوصلت السعوديه ضيع الطريق مثلا 
 @CST_KSA
  اشتغلو بامانه وذمه و ضمير ليش تحدون العالم ع الشكاوي ترا احنا طفشنا",شركة شحن,تأخير,
تم فقدان طردي في الطريق من قبل شركة الشحن أرامكس ولم يتم تقديم أي مساعدة أو تعويض عن الخسائر الناجمة عن ذلك.,شركة شحن,فقدان,
"وزارة التجارة الكرام 
 ارجو ايجاد حل مع مناديب شركة اي مايل",شركة شحن,سوء تعامل,
"@TGA_CARE
  تحياتي عندي شحنه الفروض توصل تاريخ ١١ اغسطس والى اليوم ما وصلت تواصلت مع ارمكس يقولو تحت الاجراء وتعدت الوقت المحدد لها الشحنه قلتلهم ارفع لي شكوى وزودوني برقم الشكوى للاسف مايتجاوبو والقسم المختص اتصل عليهم نص ساعه على الخط ومحد يرد ايش الحل",شركة شحن,تأخير,
"@MoTLS19955
  
 
 @jtexpressme
  
 تعامل سيء انا كتاجره تضررت منهم اصدرت بوليصات ودفع مسبق والان ٤ يوم للبوليصات ومحد من المناديب تواصل معاي للأستلام ! 
 مع العمل احد العملاء كنسل الطلبيه",شركة شحن,سوء تعامل,
ياهيئة النقل يامسؤولين اتقو الله وقومو بدوركم ارزاقنا وارزاق عيالنا جالسه تتقطع الاجانب في اوبر زي النمل شوفو لنا حل احنا مواطنين بيوتنا مفتوحه من هالشغله #متسترين_اوبر,شركة توصيل,مخالفة انظمة,
السلام عليكم تم طلب توصيل مستلزمات طفل من بينها حليب وقت التوصيل من 9حتى العاشره الان الساعه 12وربع ولم يصل تعدى وقت التوصيل ودخلنا يوم ثاني وماوصل ايش هذي الخدمه,شركة توصيل,تأخير,
"@SaudiTransport
  
 كيف اقدم شكوى على ارامكس بسبب التاخير",شركة شحن,تأخير,
الله ياخذ شركة ايمايل ادفع شركة شفتها بحياتي لو سمحتو اتمنى تشوفون لنا حل معاهم تعبنا وحنا ننتظر طلباتنا صار لها دهر عندهم مو راضين يوصلونها لنا,شركة توصيل,تأخير,
"للاسف حصلت معايا مرتين خلال اسبوع وعند الدخول للتتبع تظهر هذه الرسالة
 
 آخر تحديث لهذه الشحنة هو: تعذر الاتصال بالعميل - مطلوب معلومات اتصال إضافية من قبل العميل 
 الذي تم في 3/17/2024 12:44:00 AM من قبل مكاتب أرامكس في المملكة العربية السعودية
 
 قمت الاستهتار عن اي اتصال تتحدثو",شركة شحن,سوء تعامل,
"@CST_KSA
  
 عنايتكم للنظر في مشاكل هذه الشركة مندوبيها يتوقفون في مناطق عامة على شوارع رئيسية ويطلبون الحضور لأخذ شحناتنا علما ان الشحنة مدفوعة الثمن من الباب إلى الباب
 شكاوى تتوالى ولا يوجد لهم أي أرقام تواصل",شركة شحن,مخالفة انظمة,
"السلام عليكم 
 @Saudi_TGA
  
 @TGA_CARE
  بسجل في تطبيق تويو 
 @ToYouKSA
  رافضين يقول لازم موديل السياره مايتعدى ٥ سنوات كيف وانت سمحتو للسيارات ١٠ سنوات",شركة توصيل,استفسار,
"@HungerStation
  
 @AliAldamanhori
  
 @Saudi_TGA
  الطلب الى الان ماوصلني والمندوب جواله مقفل ومافيه تواصل خدمة عملاء لـ هنقرستيشن ولا رد هنا ايش الحل ؟؟؟؟",شركة توصيل,تأخير,
"@Saudi_TGA
  السلام عليكم ، كيف اقدم شكوي علي مكتب تأجير سيارات ؟",تأجير,استفسار,
"@TGA_CARE
  
 @TheChefz_
  
  
 الطلب وصلني متأخر ٣٠ دقيقه ؟!!",شركة توصيل,تأخير,
العروض الوهميه في تطبيقات التوصيل الي متى !!!؟؟,شركة توصيل,مخالفة انظمة,
"السلام عليكم 
 وزن المركبه اقل من 3000 الاف",مركبات نقل,اخرى,
سوف يتم رفع بلاغ للجهة المختصة لي اسبوعين كل يوم تعطوني تاريخ مختلف لاستلام الشحنة,شركة شحن,تأخير,
برفع شكوى على زاجل وين ارفع ؟,شركة شحن,استفسار,
"@NaqelCare
  
 
 @SaudiTransport
  
 اريد رفع شكوى على شركة ناقل 
 * تم ارسال رساله لي في تمام الساعه ١١ ظهرا ولم يحدد وقت استلام الشحنه مما سبب لي اهدار بوقتي
 *الشحنه من الظهر الى الان في الدمام ماتحركت 
 *الشركة لم ترسل لي اختيار التوقيت المناسب لاستلام الشحنه",شركة شحن,تأخير,
"@CST_KSA
  
 
 @TGA_CARE
  
 
 @GFS_Express
  
 @GFS_Care
  
 ٱلْسَلآمّ.عَلْيّكَمُ وٍرٍحَمُةٌاللَّـَـَـَـْـْہ.ۆبُـرٍگآتَهّ 
 شركه GFS الرجاء توصيل الشحنه التي لها 10 ايام لم يتم التواصل معي ولم يتم العثور على موقع لتتبع الشحنه ولا معرفه اين تكون مع العلم انه تم التواصل مع خدمه العملاء اكثر من مره.",شركة شحن,تأخير,
السلام عليكم حابة أرفع شكوى على شركة الشحن,شركة شحن,استفسار,
هل أستطيع رفع شكوى على شركه مشغله لأنهم مايفتحون حسابي كمندوب بجاهز,شركة توصيل,استفسار,
"@SPL_CARE
  تسعة ايام لمعالجة شكوى لطلب واصل له اكثر من شهر كريم طبي اكيد اصبح تالف مين يعوضني قمة الاستهتار و المماطله",شركة شحن,تأخير,
"@aymakanSa
  
 شحنه لدى اي مكان مر عليها أكثر من 8 ايام ولم يتم التجاوب من قبلهم 
 
 @CSTwithU",شركة شحن,تأخير,
السلام عليكم جتن مخالفه ???? وتريلا واقفه من شهر,مركبات نقل,استفسار,
والله نفسك طلبت سحور من ماك وجا من مطعم ثاني.. رفضوا يكسنل الطلب وترجع الفلوس واطلب من ماك رفضوا.. كنسل الطلب وانا بستلمه من العامل رفض يسلمه لي.. يعني ما اخذت الاكل الطلب الخطا ولا رجعوا فلوسي,شركة توصيل,مشاكل مالية,
"@TGA_CARE
  أنا رافعه فيهم شكوى وبلاغ ع التاخير لاني دافعه شحن سريع وع الساعه ٧ كلمني موظفكم الحين طلعو راسلينها لمنطقه ثانيه وانا مناسبتي بكرة وش اسوي ؟!!!!!",شركة شحن,تأخير,
"جعلها الله أمطار خيرٍ، تبلِّل قلوبنا بالرحمة والبركة..
 لسلامتك والآخرين، اتبع إرشادات القيادة الآمنة للشاحنات، أثناء هطول الأمطار",مركبات نقل,اخرى,
"السلام عليكم يوجد خبر متداول على وسائل التواصل الاجتماعي وهو.
 تم السماح في تطبيقات نقل الركاب من 2016 لمده سنه في نشاط التوجيه حتى10 سنوت من تاريخ الصنع هل هاذا الخبر صحيح",شركة توصيل,استفسار,
"@hunger_care
  الشهر الماضي تجرر الاشتراك تلقائي وكلمت خدمة العملاء بالتطبيق وقالت اذا ماتبغين رح نلغي الخدمة ولكن الفلوس ماترجع،قلت انتم جددتوا بدون ماتسالوني ولافيه خيار يوقف الاشتراك التلقائي ولكن في حال ايقاف الخدمة مابترجع الفلوس خليها تستمر هذا الشهر ولكن لاتجددون (يتبع)",شركة توصيل,مشاكل مالية,
"@habakr
  
 @JahezCareKSA
  
 @CST_KSA
  
 @Saudi_TGA
  
 الرد مكرر منسوخ ومافيه اي استجابة للشكوى",شركة توصيل,سوء تعامل,
"لعنايتكم 
 @TGA_CARE
  
 @hunger_care",شركة توصيل,اخرى,
"@TGA_CARE
  
 
 هل هئية النقل سمحت للسيارات من 2015 وفوق العمل في تطبيقات توصيل الركاب ؟",شركة توصيل,استفسار,
"الفرق الرقابية تضبط 635 مخالفًا لممارستهم نشاط نقل الركاب بدون ترخيص، وذلك من خلال الحملات الرقابية المكثفة التي تقوم بها على مطارات المملكة خلال شهر يوليو بالتعاون مع #وزارة_الداخلية؛ بهدف الحد من الممارسات الغير مرخصة.
 #لاتركب_مع_غير_المرخص
 #الهيئة_العامة_للنقل_TGA⁩",شركة توصيل,اخرى,
"مهزلة 
 @iMile_KSA
  الى اين؟ لما المندوب يتطاول علي و من الخميس شحنتي معاه و فوق هذا غلطان علي بالمكالمة و يقول مع مندوب ثاني و اخر شي يجيني هذا الرد منه! 
 @imile_delivery
  
 @iMile_KSA
  
 
 من امن العقوبة اساء الادب! شركات الشحن الى متى تحمون مناديبكم؟",شركة شحن,سوء تعامل,
"تم تسليم الطرد للشخص الخطأ من قبل شركة الشحن أرامكس، ولم يتم التعويض عن الخطأ حتى الآن.",شركة شحن,فقدان,
اسوء شركة زفت فزفت مو معقولة الطلب له اسبوعين بالمستودع ومو راضين توصلونه؟,شركة شحن,تأخير,
"@TGA_CARE
  
 @ToYouKSA
  
 سلام عليكم عزيزي ابي ارفع بلاغ على تطبيق تويو محتجزين مستحقاتي ولي يومين اتواصل معهم محد يرد",شركة توصيل,مشاكل مالية,
"@MoTLS19955
  
 السلام عليكم ورحمة وبركاته 
 لدي شكوى ضد شركة شحن 
 
 @aymakanSa
  
 لديهم شحنة لي لم تصل وتواصلت معهم بكل الطرق لكن لاحياة لمن تنادي وعندما ادخل الموقع اجدهم كاتبين انني أجل الاستلام وهم يكذبون الرجاء حل المشكله معهم",شركة شحن,سوء تعامل,
"@JahezCareKSA
  يوم قلت بدا الاستهبال ما كذبت. من ٥ ساعات لا حس ولا خبر!!
 
 
 @Saudi_TGA
  عنايتكم",شركة توصيل,تأخير,
طلبت و كنسله و باقي عن الاذان ?? د و دافع الطلب لا اكل جاء ولا فلوس رجعت,شركة توصيل,مشاكل مالية,
"@SPL_CARE
  
 @Saudi_TGA
  السلام عليكم هيئة النقل قاعده اتواصل مع سبل صارلي يومين ولا فيه اي رد وقلة ادب وعيب انهم سافهيني عشان قلت لهم هيئة النقل تتفاهم معكم ، انا ابي استفسر عن شحنه وهم مايردون !",شركة شحن,سوء تعامل,
"الساده /
 
 @TGA_CARE
  
 
 @HRSD_Care
  
 
 @ppgovsa
  
 تطبيق بولت استخدمني وغيري حتى نقوم بتوصيل الركاب داخل المملكه 
 ولا يعطينا اموالنا اللتي تحصلها من الركاب سابقاً 
 انا اطالبهم بمبلغ من ثلاث اسابيع واكثر ولازالو يماطلون
 اطلب التحقيق في عملياتهم وتعمد اخفاء حقوقنا بدون مسوغ
 
 @BoltCareSA",شركة توصيل,مشاكل مالية,
"@SaudiTransport
  
 
 @MCgovSA
  
 
 @Ego_now
  
 
 @bainah_sa
  
 وزارة التجارة تقول مالنا دخل ومركز بينة يقولون مالنا دخل ووزارة النقل ما يردون
 
 ايجو تحتكر ارباحي وارباح الكثير من العملاء ولا تسمح لنا بسحب الرصيد وتشترط على بعضهم ترك 100 ريال بالمحفظه والا لن تسحب ارباحك",شركة توصيل,مشاكل مالية,
"@Saudi_TGA
  
 @spokesman_TGA
  ترى السيارات الاجنبيه نفس وضعهم ويحملون داخلي وهذا ممنوع تحميل من الدمام الي نيوم مايدخل لا موازين والا غيرها",شركة توصيل,مخالفة انظمة,
الشحنه رقم 290674309390 ايش مشكلتها لها ? ايام من يوم استلمتوها واقفه في الدمام ماتحركت,شركة شحن,تأخير,
"تم تسليم الطرد في حالة سيئة ومتضررة جدًا من قبل شركة الشحن سمسا، ولم يتم تعويضي عن الخسائر الناجمة عن ذلك.",شركة شحن,سوء تعامل,
لماذا في كل مرة تطلبون موقع البيت وعندما نرسله عبر الواتساب نجد الشحنه في المكتب وانا ارى سيارتكم واقفه امام البقالة اللتي امامي لماذا لاتأتي الى بيتي مثل باقي العملاء هل انتم صائمون ونحن لا ؟!!!,شركة شحن,سوء تعامل,
"مو معقول قعدتم يومين ماتستلمون شحنتي من المتجر!!!
 طلبت الطلبيه يوم السبت وتوكم اليوم تستلمونها!!
 ب اي حق تتاخرون؟؟؟؟",شركة شحن,تأخير,
تدرون ان فيه تنظيمات جديده على قطاع سيارات السطحة (سيارات نقل السيارات) ماشاءالله صارت أجمل في الشوارع.. عقبال سيارات الخدميه مثل الصيانه و الدينات,مركبات نقل,اخرى,
مو معقول من الساعه ? الى الساعه ? الطلب معلق ولا فيه اي تواصل ولا اجراء و الكابتن حقكم يتمشى بالفيزا حقتي !! اسوء خدمة عملاء و اسوء تطبيق توصيل ايقو,شركة توصيل,تأخير,
"نتمنى من وزارة النقل سفلتت طريق : #ذرى_جدم_الفروخية_السواري طريق المدارس 
 والأعتناء بصيانتة ، 
 عنايتكم :
 
 @SaudiTransport
  
 @SalehAlJasser
  
 @makkahregion
  
 @laith_media",منصات حكومية لوجستية,اخرى,
"@Aramex_KSA
  استلمتوا شحنتي من يوم 18 اوقست وللحين ماجاني انكم استلمتوها!! ترا موجود بكاميرا البيت انكم استلمتوها.. 
 
 بيتم الشكوى عند وزارة النقل 
 @SaudiTransport",شركة شحن,تأخير,
"مرحبا 
 عندي نشاط تجاري دراجات نارية وش الحل ابغى ترخيص النقل",مركبات نقل,استفسار,
"@TGA_CARE
  طلبت من تطبيق
 @TkyrApp
  وحاطين لي استلام وانا ابي توصيل وكاتبين تم الاستلام وانا ماخذته ورفضوا يرجعون فلوسي",شركة توصيل,مشاكل مالية,
"تم إلغاء رحلتي مع كريم في اللحظة الأخيرة بدون أي تنبيه مسبق، مما تسبب في إضاعة وقتي ومالي.",شركة توصيل,سوء تعامل,
"للأسف كل الشحنات يطلبون الدفع الكاش ويرفضون الدفع عن طريق الشبكة 
 
 اكثر من مره يجي الموضف ويرفض البطاقة الائتمانية ويرجع 
 بعد التعب وطلب الشحنة يرسلون لنا موضف مستهتر ويكنسل الطلب ويقول ماعندي شبكة وسداد بالبطاقة الائتمانية",شركة شحن,سوء تعامل,
"@TGA_CARE
  
 تحاول المنشاة منذ يومين اصدار خطاب موجه للمرور لغرض تحويل نوع المركبة من نقل خاص الى نقل عام
 وللاسف الموقع لا يستجيب نهائيا
 وتواصلنا بكم سابقا وتم افادتنا بوجود عدم إستقرار في المنصة 
 مع العلم لا نستطيع عمل اي اجراء للمركبة بدون توفر الخطاب
 نتمنى اصلاح الخلل وشكرا",منصات حكومية لوجستية,تأخير,
"@Aramex_KSA
  مرحبا
  فيه شحنة متواجدة عندكم من كم يوم و متأخرة وإلى الان لم يتواصل معي أحد بخصوص التوصيل!
 
 
 @TGA_CARE",شركة شحن,تأخير,
"لم يتم تسليم الشحنه لليوم الرابع 
 @CSTwithU",شركة شحن,تأخير,
"معالي الشيخ عبدالله بن محمد أتمنى تسمع هذي القصة يلي صارت معاي شخصياً في المملكة العربية #السعودية 
 @AMB_Alhamed
  
 الدم واحد والولاء واحد ..
 وأتمنى من 
 @SaudiTransport
  وزارة النقل في المملكة الغالية تحل الموضوع ونرجع لكم كل سنة نستمتع بالأجواء في #الطائف 
 #الامارات 
 #السعودية
 #عُمان",منصات حكومية لوجستية,اخرى,
السلام عليكم لي طلب مع شركه الشحن ساعي ورافضين يوصلو لي الطلب للبيت اتواصلت معهم بس مافي اي تجاوب منهم,شركة شحن,سوء تعامل,
"لم يتم تسليم الطرد بشكل كامل من قبل البريد السعودي، ولم يتم تقديم أي مساعدة أو تعويض عن الخسائر.",شركة شحن,فقدان,
"السلام عليكم ورحمة الله وبركاته 
 
 صباح الخير 
 استفساري عن كيفية التقديم علي اللوحات الدعائية للمنشأت الخاصه على الطرق خارج النطاق العمراني
 كما هو مرفق",منصات حكومية لوجستية,استفسار,
"@GFS_Express
  وعندما تحدثت مع الشركه اخبرني الطلب مع الجمارك هل الجمارك تستغرق اسبوعين واكثر للتلخيص؟ تواصلت مع الجمارك اخبروني بأن الشحنه ليس لديهم! هل ارفع بلاغ ام شكوى ام قضيه لشركه الشحن 
 @Zatca_care
  
 @SaudiTransport",شركة شحن,استفسار,
"@SaudiTransport
  السلام عليكم
 اسبوع كامل نحاول اصدار خطاب لاصدار رخصة سير جديدة وتظهر رسال حدث خطأ بالنظام حاول مرة اخرى لاحقا
 عطونا حل",منصات حكومية لوجستية,تأخير,
"@Saudi_TGA
  #متسترين_اوبر اجانب شغالين بحساب سعودديين ايش دوركم؟",شركة توصيل,مخالفة انظمة,
"@SaudiTransport
  
 اتمنى النظر في موضوع الرسوم المترتبة على العميل بسبب خلل فالبرنامج",منصات حكومية لوجستية,مشاكل مالية,
هل يحق للمندوب شركات الاتصال بيع اجهزة الواي فاي على الشارع؟,منصات حكومية لوجستية,استفسار,
"@TGA_CARE
  طلبت من 
 @NiceoneCare
  وتم شحن طلبي مع 
 @SMSA
  ، ومندوبهم يرفض توصيل طلبي لباب الشقة ، رغم دفعي لرسوم الشحن وخدمة عملاء سمسا لايتجاوبون ولم يتم الرد على سؤالي والاجابة النظام عطلان !! .. والمندوب يقفل الطلب بسبب اني طلب اعادة جدولة استلام الطلب !!",شركة شحن,سوء تعامل,
,,,
,,,
